wvl_1,T = 22°C,wvl_2,T = -8°C,wvl_3,T = -25°C,wvl_4,T = -7°C,wvl_5,T = 25°C (H),wvl_6,T = 20°C,wvl_7,T = 25°C (S),Index
666.7,2.47e-8,,,,,660,1.66E-08,650,1.64E-08,650,1.87E-08,650.12971,1.67413E-08,0
667.6,2.48e-8,,,,,670,1.89E-08,675,2.23E-08,651,1.89E-08,654.63616,1.77742E-08,1
668.4,2.48e-8,,,,,680,2.09E-08,700,3.35E-08,652,1.91E-08,660.69347,1.93995E-08,2
669.3,2.52e-8,,,,,690,0.000000024,725,9.15E-08,653,1.94E-08,665.27314,2.03138E-08,3
670.2,2.53e-8,,,,,700,0.000000029,750,1.56E-07,654,1.97E-08,669.88461,2.09793E-08,4
671.1,2.54e-8,,,,,710,3.44E-08,775,1.48E-07,655,2.01E-08,674.52802,2.17666E-08,5
672.0,2.55e-8,,,,,720,4.03E-08,800,1.25E-07,656,2.03E-08,680.76935,2.30033E-08,6
672.9,2.56e-8,,,,,730,0.000000043,825,1.82E-07,657,2.08E-08,685.48821,2.47053E-08,7
673.9,2.58e-8,,,,,740,4.92E-08,850,2.93E-07,658,2.12E-08,690.23978,2.65332E-08,8
674.8,2.61e-8,,,,,750,5.87E-08,875,3.91E-07,659,2.13E-08,695.02431,2.9634E-08,9
675.7,2.61e-8,,,,,760,7.08E-08,900,4.86E-07,660,2.18E-08,699.84198,3.34804E-08,10
676.6,2.64e-8,,,,,770,8.58E-08,925,1.06E-06,661,2.19E-08,704.69308,4.10006E-08,11
677.5,2.64e-8,,,,,780,0.000000102,950,2.93E-06,662,2.20E-08,709.57777,4.99793E-08,12
678.4,2.66e-8,,,,,790,0.000000118,975,3.48E-06,663,2.24E-08,714.49634,5.99501E-08,13
679.3,2.69e-8,,,,,800,0.000000134,1000,2.89E-06,664,2.26E-08,719.44899,7.29105E-08,14
680.3,2.71e-8,,,,,810,0.00000014,1200,9.89E-06,665,2.26E-08,724.43594,9.13672E-08,15
681.2,2.73e-8,,,,,820,0.000000143,1400,1.38E-04,666,2.26E-08,729.45749,1.15024E-07,16
682.1,2.73e-8,,,,,830,0.000000145,1600,8.55E-05,667,2.27E-08,734.51386,1.34831E-07,17
683.1,2.76e-8,,,,,840,0.000000151,1800,1.15E-04,668,2.29E-08,739.60525,1.45811E-07,18
684.0,2.79e-8,,,,,850,0.000000183,2000,1.10E-03,669,2.29E-08,744.73195,1.53035E-07,19
684.9,2.82e-8,,,,,860,0.000000215,2200,2.89E-04,670,2.30E-08,749.89423,1.5588E-07,20
685.9,2.84e-8,,,,,870,0.000000265,2400,9.56E-04,671,2.30E-08,755.09225,1.58048E-07,21
686.8,2.87e-8,,,,,880,0.000000335,2600,3.17E-03,672,2.32E-08,760.3263,1.58048E-07,22
687.8,2.91e-8,,,,,890,0.000000392,,,673,2.33E-08,765.5966,1.5696E-07,23
688.7,2.94e-8,,,,,900,0.00000042,,,674,2.32E-08,769.13043,1.52633E-07,24
689.7,2.98e-8,,,,,910,0.000000444,,,675,2.34E-08,774.46178,1.47839E-07,25
690.6,3.04e-8,,,,,920,0.000000474,,,676,2.37E-08,779.8301,1.40861E-07,26
691.6,3.10e-8,,,,,930,0.000000511,,,677,2.38E-08,785.23562,1.33903E-07,27
692.5,3.15e-8,,,,,940,0.000000553,,,678,2.41E-08,790.67866,1.28171E-07,28
693.5,3.20e-8,,,,,950,0.000000602,,,679,2.42E-08,794.32824,1.25832E-07,29
694.4,3.27e-8,,,,,960,0.000000755,,,680,2.44E-08,799.83427,1.24966E-07,30
695.4,3.33e-8,,,,,970,0.000000926,,,681,2.46E-08,805.37845,1.26996E-07,31
696.4,3.40e-8,,,,,980,0.00000112,,,682,2.49E-08,809.09592,1.32981E-07,32
697.4,3.47e-8,,,,,990,0.00000133,,,683,2.51E-08,814.7043,1.44807E-07,33
698.3,3.55e-8,,,,,1000,0.00000162,,,684,2.54E-08,820.35154,1.62103E-07,34
699.3,3.63e-8,,,,,1010,0.000002,,,685,2.55E-08,824.13808,1.81882E-07,35
700.3,3.72e-8,,,,,1020,0.00000225,,,686,2.57E-08,829.8508,2.04075E-07,36
701.3,3.81e-8,,,,,1030,0.00000233,,,687,2.63E-08,835.60304,2.2428E-07,37
702.2,3.90e-8,,,,,1040,0.00000233,,,688,2.66E-08,839.45999,2.45918E-07,38
703.2,4.00e-8,,,,,1050,0.00000217,,,689,2.71E-08,845.27881,2.69023E-07,39
704.2,4.12e-8,,,,,1060,0.00000196,,,690,2.76E-08,849.18046,2.92948E-07,40
705.2,4.22e-8,,,,,1070,0.00000181,,,691,2.81E-08,855.06671,3.15348E-07,41
706.2,4.34e-8,,,,,1080,0.00000174,,,692,2.85E-08,859.01354,3.34804E-07,42
707.2,4.46e-8,,,,,1090,0.00000173,,,693,2.90E-08,864.96795,3.54642E-07,43
708.2,4.59e-8,,,,,1100,0.0000017,,,694,2.96E-08,870.96361,3.74792E-07,44
709.2,4.74e-8,,,,,1110,0.00000176,,,695,3.03E-08,874.9838,3.90652E-07,45
710.2,4.89e-8,,,,,1120,0.00000182,,,696,3.09E-08,879.02251,4.05313E-07,46
711.2,5.08e-8,,,,,1130,0.00000204,,,697,3.17E-08,885.11562,4.23438E-07,47
712.3,5.27e-8,,,,,1140,0.00000225,,,698,3.24E-08,889.2011,4.40342E-07,48
713.3,5.50e-8,,,,,1150,0.00000229,,,699,3.32E-08,895.3648,4.62158E-07,49
714.3,5.72e-8,,,,,1160,0.00000304,,,700,3.40E-08,899.4976,4.86172E-07,50
715.3,5.97e-8,,,,,1170,0.00000384,,,701,3.50E-08,905.73262,5.1498E-07,51
716.3,6.24e-8,,,,,1180,0.00000477,,,702,3.59E-08,909.91331,5.69889E-07,52
717.4,6.51e-8,,,,,1190,0.00000576,,,703,3.68E-08,914.11321,6.69561E-07,53
718.4,6.80e-8,,,,,1200,0.00000671,,,704,3.78E-08,920.44959,8.30405E-07,54
719.4,7.11e-8,,,,,1210,0.00000866,,,705,3.91E-08,924.69813,1.05972E-06,55
720.5,7.43e-8,,,,,1220,0.0000102,,,706,4.02E-08,928.9664,1.36833E-06,56
721.5,7.75e-8,,,,,1230,0.0000113,,,707,4.15E-08,935.40566,1.77088E-06,57
722.5,8.09e-8,,,,,1240,0.0000122,,,708,4.29E-08,939.72333,2.16915E-06,58
723.6,8.45e-8,,,,,1250,0.0000129,,,709,4.43E-08,944.0609,2.55735E-06,59
724.6,8.80e-8,,,,,1260,0.0000132,,,710,4.60E-08,950.60477,2.93218E-06,60
725.7,9.20e-8,,,,,1270,0.0000135,,,711,4.79E-08,954.99263,3.19E-06,61
726.7,9.63e-8,,,,,1280,0.0000133,,,712,4.98E-08,959.40066,3.35807E-06,62
727.8,1.02e-7,,,,,1290,0.0000132,,,713,5.17E-08,966.05085,3.4641E-06,63
728.9,1.07e-7,,,,,1300,0.0000132,,,714,5.39E-08,970.50999,3.50179E-06,64
729.9,1.14e-7,,,,,1310,0.0000131,,,715,5.61E-08,974.98966,3.48009E-06,65
731.0,1.21e-7,,,,,1320,0.0000132,,,716,5.87E-08,979.48997,3.41814E-06,66
732.1,1.28e-7,,,,,1330,0.0000132,,,717,6.16E-08,984.0111,3.33649E-06,67
733.1,1.35e-7,,,,,1340,0.0000134,,,718,6.46E-08,990.83193,3.25305E-06,68
734.2,1.43e-7,,,,,1350,0.0000139,,,719,6.69E-08,995.40541,3.13105E-06,69
735.3,1.48e-7,,,,,1360,0.0000142,,,720,6.99E-08,1000,2.99979E-06,70
736.4,1.53e-7,,,,,1370,0.0000148,,,721,7.29E-08,1009.2529,2.68776E-06,71
737.5,1.57e-7,,,,,1380,0.0000158,,,722,7.64E-08,1020.9395,2.35229E-06,72
738.6,1.61e-7,,,,,1390,0.0000174,,,723,7.94E-08,1030.3861,2.00074E-06,73
739.6,1.63e-7,,,,,1400,0.0000198,,,724,8.35E-08,1039.9202,1.69001E-06,74
740.7,1.65e-7,,,,,1410,0.000025,,,725,8.71E-08,1049.5424,1.41935E-06,75
741.8,1.66e-7,,,,,1420,0.000054,,,726,9.13E-08,1059.2537,1.29894E-06,76
742.9,1.67e-7,,,,,1430,0.000104,,,727,9.55E-08,1069.0549,1.2589E-06,77
744.0,1.68e-7,,,,,1440,0.000203,,,728,1.01E-07,1078.9467,1.32859E-06,78
745.2,1.68e-7,,,,,1449,0.0002708,,,729,1.06E-07,1088.9301,1.49862E-06,79
746.3,1.69e-7,,,,,1460,0.0003511,,,730,1.12E-07,1099.0058,1.7084E-06,80
747.4,1.69e-7,,,,,1471,0.0004299,,,731,1.18E-07,1109.1748,2.0384E-06,81
748.5,1.70e-7,,,,,1481,0.0005181,,,732,1.24E-07,1119.4379,2.62839E-06,82
749.6,1.70e-7,,,,,1493,0.0005855,,,733,1.31E-07,1129.7959,3.86892E-06,83
750.8,1.71e-7,,,,,1504,0.0005899,,,734,1.37E-07,1140.2498,5.951E-06,84
751.9,1.71e-7,,,,,1515,0.0005635,,,735,1.42E-07,1150.8004,9.30647E-06,85
753.0,1.72e-7,,,,,1527,0.000548,,,736,1.46E-07,1158.7774,1.06888E-05,86
754.1,1.72e-7,,,,,1538,0.0005266,,,737,1.50E-07,1169.4994,1.11952E-05,87
755.3,1.73e-7,,,,,1563,0.0004394,,,738,1.53E-07,1180.3206,1.16033E-05,88
756.4,1.73e-7,,,,,1587,0.0003701,,,739,1.56E-07,1191.242,1.18122E-05,89
757.6,1.73e-7,,,,,1613,0.0003372,,,740,1.58E-07,1199.4993,1.1995E-05,90
758.7,1.73e-7,,,,,1650,0.000241,,,741,1.60E-07,1210.5981,1.19058E-05,91
759.9,1.73e-7,,,,,1680,0.000189,,,742,1.61E-07,1218.9896,1.17902E-05,92
761.0,1.74e-7,,,,,1700,0.000166,,,743,1.61E-07,1230.2688,1.16025E-05,93
762.2,1.74e-7,,,,,1730,0.000145,,,744,1.62E-07,1238.7966,1.13889E-05,94
763.4,1.74e-7,,,,,1760,0.000128,,,745,1.63E-07,1250.259,1.10022E-05,95
764.5,1.74e-7,,,,,1800,0.000103,,,746,1.63E-07,1258.9254,1.07907E-05,96
765.7,1.74e-7,,,,,1830,0.000086,,,747,1.64E-07,1270.5741,1.09049E-05,97
766.9,1.73e-7,,,,,1840,0.0000822,,,748,1.64E-07,1279.3813,1.13944E-05,98
768.0,1.73e-7,,,,,1850,0.0000803,,,749,1.65E-07,1291.2193,1.22115E-05,99
769.2,1.73e-7,,,,,1855,0.000085,,,750,1.65E-07,1300.1696,1.4002E-05,100
770.4,1.73e-7,,,,,1860,0.000099,,,751,1.65E-07,1309.1819,1.63904E-05,101
771.6,1.72e-7,,,,,1870,0.00015,,,752,1.66E-07,1321.2956,1.91201E-05,102
772.8,1.71e-7,,,,,1890,0.000295,,,753,1.66E-07,1330.4544,2.25056E-05,103
774.0,1.71e-7,,,,,1905,0.0004687,,,754,1.66E-07,1339.6767,2.84898E-05,104
775.2,1.70e-7,,,,,1923,0.0007615,,,755,1.66E-07,1348.9629,4.0466E-05,105
776.4,1.70e-7,,,,,1942,0.00101,,,756,1.67E-07,1361.4447,4.50495E-05,106
777.6,1.69e-7,,,,,1961,0.001313,,,757,1.67E-07,1370.8818,5.8035E-05,107
778.8,1.68e-7,,,,,1980,0.001539,,,758,1.67E-07,1380.3843,7.80172E-05,108
780.0,1.67e-7,,,,,2000,0.001588,,,759,1.67E-07,1389.9526,0.000105996,109
781.3,1.65e-7,,,,,2020,0.00154,,,760,1.67E-07,1399.5873,0.000153035,110
782.5,1.64e-7,,,,,2041,0.001412,,,761,1.67E-07,1409.2888,0.000253975,111
783.7,1.63e-7,,,,,2062,0.001244,,,762,1.67E-07,1419.0575,0.000319735,112
784.9,1.62e-7,,,,,2083,0.001068,,,763,1.68E-07,1428.894,0.000353826,113
786.2,1.60e-7,,,,,2105,0.0008414,,,764,1.67E-07,1438.7986,0.000362903,114
787.4,1.58e-7,,,,,2130,0.000565,,,765,1.67E-07,1448.7719,0.000363739,115
788.6,1.57e-7,,,,,2150,0.000432,,,766,1.67E-07,1458.8143,0.000360404,116
789.9,1.55e-7,,,,,2170,0.00035,,,767,1.67E-07,1468.9263,0.00033868,117
791.1,1.54e-7,,,,,2190,0.000287,,,768,1.67E-07,1479.1084,0.000301849,118
792.4,1.52e-7,,,,,2220,0.000221,,,769,1.66E-07,1489.3611,0.000265944,119
793.7,1.50e-7,,,,,2240,0.000203,,,770,1.66E-07,1499.6848,0.000224797,120
794.9,1.49e-7,,,,,2245,0.000201,,,771,1.66E-07,1510.0802,0.00019579,121
796.2,1.48e-7,,,,,2250,0.000203,,,772,1.65E-07,1520.5475,0.000174097,122
797.4,1.47e-7,,,,,2260,0.000214,,,773,1.65E-07,1531.0875,0.000160247,123
798.7,1.45e-7,,,,,2270,0.000232,,,774,1.64E-07,1541.7005,0.000144142,124
800.0,1.43e-7,,,,,2290,0.000289,,,775,1.63E-07,1548.8166,0.000134831,125
801.3,1.43e-7,,,,,2310,0.000381,,,776,1.62E-07,1559.5525,0.000123962,126
802.6,1.42e-7,,,,,2330,0.000462,,,777,1.62E-07,1570.3628,0.000114022,127
803.9,1.41e-7,,,,,2350,0.000548,,,778,1.61E-07,1581.248,0.000107076,128
805.2,1.41e-7,,,,,2370,0.000618,,,779,1.61E-07,1588.5468,9.94009E-05,129
806.5,1.41e-7,,,,,2390,0.00068,,,780,1.60E-07,1599.558,9.34739E-05,130
807.8,1.40e-7,,,,,2410,0.00073,,,781,1.58E-07,1610.6456,8.8042E-05,131
809.1,1.41e-7,,,,,2430,0.000782,,,782,1.57E-07,1621.8101,8.30979E-05,132
810.4,1.41e-7,,,,,2460,0.000848,,,783,1.56E-07,1629.296,8.09637E-05,133
811.7,1.42e-7,,,,,2500,0.000925,,,784,1.55E-07,1640.5898,7.90297E-05,134
813.0,1.43e-7,,,,,,,,,785,1.54E-07,1648.1624,7.59085E-05,135
814.3,1.44e-7,,,,,,,,,786,1.53E-07,1659.5869,7.39759E-05,136
815.7,1.46e-7,,,,,,,,,787,1.52E-07,1671.0906,7.4044E-05,137
817.0,1.48e-7,,,,,,,,,788,1.50E-07,1678.804,7.49532E-05,138
818.3,1.50e-7,,,,,,,,,789,1.49E-07,1690.4409,7.60134E-05,139
819.7,1.52e-7,,,,,,,,,790,1.48E-07,1698.2436,7.74266E-05,140
821.0,1.56e-7,,,,,,,,,791,1.47E-07,1710.0153,8.04989E-05,141
822.4,1.60e-7,,,,,,,,,792,1.46E-07,1721.8686,8.40989E-05,142
823.7,1.65e-7,,,,,,,,,793,1.45E-07,1729.8164,8.9E-05,143
825.1,1.72e-7,,,,,,,,,794,1.43E-07,1741.8069,9.51021E-05,144
826.4,1.82e-7,,,,,,,,,795,1.42E-07,1749.8467,9.99977E-05,145
827.8,1.92e-7,,,,,,,,,796,1.41E-07,1761.976,0.000105121,146
829.2,2.05e-7,,,,,,,,,797,1.40E-07,1770.109,0.000112019,147
830.6,2.18e-7,,,,,,,,,798,1.39E-07,1778.2794,0.000121868,148
831.9,2.29e-7,,,,,,,,,799,1.38E-07,1790.6059,0.000133042,149
833.3,2.39e-7,,,,,,,,,800,1.38E-07,1798.8709,0.000135922,150
834.7,2.46e-7,,,,,,,,,801,1.36E-07,1811.3401,0.000137117,151
836.1,2.52e-7,,,,,,,,,802,1.36E-07,1819.7009,0.000137972,152
837.5,2.57e-7,,,,,,,,,803,1.35E-07,1828.1002,0.000141837,153
838.9,2.61e-7,,,,,,,,,804,1.35E-07,1840.772,0.000155164,154
840.3,2.64e-7,,,,,,,,,805,1.35E-07,1849.2686,0.000186119,155
841.8,2.68e-7,,,,,,,,,806,1.34E-07,1862.0871,0.000320472,156
843.2,2.71e-7,,,,,,,,,807,1.34E-07,1870.6821,0.000520943,157
844.6,2.74e-7,,,,,,,,,808,1.34E-07,1879.3168,0.000722421,158
846.0,2.77e-7,,,,,,,,,809,1.35E-07,1887.9914,0.000922126,159
847.5,2.80e-7,,,,,,,,,810,1.35E-07,1901.0783,0.001160888,160
848.9,2.84e-7,,,,,,,,,811,1.36E-07,1909.8532,0.001677993,161
850.3,2.84e-7,,,,,,,,,812,1.36E-07,1918.6687,0.001827217,162
851.8,2.86e-7,,,,,,,,,813,1.37E-07,1931.9683,0.001922163,163
853.2,2.90e-7,,,,,,,,,814,1.38E-07,1940.8859,0.001908931,164
854.7,2.93e-7,,,,,,,,,815,1.39E-07,1949.8446,0.001848375,165
856.2,2.97e-7,,,,,,,,,816,1.41E-07,1958.8447,0.001717079,166
857.6,2.99e-7,,,,,,,,,817,1.42E-07,1967.8863,0.001548068,167
859.1,3.30e-7,,,,,,,,,818,1.44E-07,1981.527,0.001402136,168
860.6,3.06e-7,,,,,,,,,819,1.46E-07,1990.6733,0.001249655,169
862.1,3.09e-7,,,,,,,,,820,1.49E-07,1999.8619,0.001101007,170
863.6,3.13e-7,,,,,,,,,821,1.52E-07,2009.0928,0.000990353,171
865.1,3.17e-7,,,,,,,,,822,1.54E-07,2018.3664,0.000888772,172
866.6,3.21e-7,,,,,,,,,823,1.58E-07,2027.6827,0.000804989,173
868.1,3.25e-7,,,,,,,,,824,1.63E-07,2041.7379,0.000739248,174
869.6,3.29e-7,,,,,,,,,825,1.69E-07,2051.1622,0.000674202,175
871.1,3.35e-7,,,,,,,,,826,1.76E-07,2060.6299,0.000620569,176
872.6,3.40e-7,,,,,,,,,827,1.83E-07,2070.1414,0.000572519,177
874.1,3.45e-7,,,,,,,,,828,1.90E-07,2079.6967,0.000529408,178
875.7,3.52e-7,,,,,,,,,829,1.99E-07,2089.2961,0.000488416,179
877.2,3.57e-7,,,,,,,,,830,2.07E-07,2098.9399,0.000464291,180
878.7,3.64e-7,,,,,,,,,831,2.15E-07,2108.6281,0.000440342,181
880.3,3.71e-7,,,,,,,,,832,2.22E-07,2118.3611,0.000417629,182
881.8,3.78e-7,,,,,,,,,833,2.29E-07,2128.139,0.000397,183
883.4,3.84e-7,,,,,,,,,834,2.36E-07,2137.9621,0.00038264,184
885.0,3.92e-7,,,,,,,,,835,2.41E-07,2147.8305,0.000370502,185
886.5,3.99e-7,,,,,,,,,836,2.45E-07,2157.7444,0.000358749,186
888.1,4.06e-7,,,,,,,,,837,2.48E-07,2167.7041,0.000350582,187
889.7,4.13e-7,,,,,,,,,838,2.51E-07,2177.7098,0.000343392,188
891.3,4.20e-7,,,,,,,,,839,2.54E-07,2187.7616,0.000339461,189
892.9,4.27e-7,,,,,,,,,840,2.57E-07,2197.8599,0.000337902,190
894.5,4.34e-7,,,,,,,,,841,2.59E-07,2208.0047,0.00033868,191
896.1,4.41e-7,,,,,,,,,842,2.61E-07,2218.1964,0.000341028,192
897.7,4.48e-7,,,,,,,,,843,2.64E-07,2228.4351,0.000345772,193
899.3,4.55e-7,,,,,,,,,844,2.66E-07,2238.7211,0.0003571,194
900.9,4.63e-7,,,,,,,,,845,2.68E-07,2249.0546,0.00037393,195
902.5,4.71e-7,,,,,,,,,846,2.71E-07,2259.4358,0.000389754,196
904.2,4.80e-7,,,,,,,,,847,2.73E-07,2269.8649,0.000408122,197
905.8,4.88e-7,,,,,,,,,848,2.75E-07,2280.3421,0.000429329,198
907.4,4.98e-7,,,,,,,,,849,2.78E-07,2290.8677,0.000450599,199
909.1,5.09e-7,,,,,,,,,850,2.80E-07,2301.4418,0.000468587,200
910.7,5.21e-7,,,,,,,,,851,2.82E-07,2312.0648,0.000491802,201
912.4,5.34e-7,,,,,,,,,852,2.85E-07,2317.3946,0.000511435,202
914.1,5.50e-7,,,,,,,,,853,2.86E-07,2328.0912,0.000542988,203
915.8,5.68e-7,,,,,,,,,854,2.89E-07,2338.8372,0.000599501,204
917.4,5.90e-7,,,,,,,,,855,2.91E-07,2349.6328,0.000636488,205
919.1,6.15e-7,,,,,,,,,856,2.94E-07,2360.4782,0.000685157,206
920.8,6.45e-7,,,,,,,,,857,2.96E-07,2371.3737,0.00074266,207
922.5,6.80e-7,,,,,,,,,858,2.98E-07,2382.3195,0.000792118,208
924.2,7.22e-7,,,,,,,,,859,3.00E-07,2387.8113,0.00084877,209
925.9,7.68e-7,,,,,,,,,860,3.02E-07,2398.8329,0.000909474,210
927.6,8.22e-7,,,,,,,,,861,3.04E-07,2409.9054,0.000990353,211
929.4,8.83e-7,,,,,,,,,862,3.07E-07,2421.0291,0.001071002,212
931.1,9.49e-7,,,,,,,,,863,3.09E-07,2432.204,0.001150244,213
932.8,1.02e-6,,,,,,,,,864,3.11E-07,2437.8108,0.001249655,214
934.6,1.09e-6,,,,,,,,,865,3.14E-07,2449.0632,0.001348311,215
936.3,1.16e-6,,,,,,,,,866,3.16E-07,2460.3676,0.001471601,216
938.1,1.26e-6,,,,,,,,,867,3.19E-07,2471.7242,0.001580484,217
939.8,1.36e-6,939.8,1.17e-6,,,,,,,868,3.22E-07,2477.4221,0.001709189,218
941.6,1.47e-6,941.6,1.24e-6,,,,,,,869,3.25E-07,2488.8573,0.001810465,219
943.4,1.58e-6,943.4,1.32e-6,,,,,,,870,3.28E-07,2500.3454,0.00190016,220
945.2,1.72e-6,945.2,1.42e-6,,,,,,,871,3.31E-07,,,221
947.0,1.86e-6,947.0,1.56e-6,,,,,,,872,3.34E-07,,,222
948.8,2.04e-6,948.8,1.70e-6,,,,,,,873,3.38E-07,,,223
950.6,2.25e-6,950.6,1.82e-6,,,,,,,874,3.41E-07,,,224
952.4,2.48e-6,952.4,2.04e-6,,,,,,,875,3.45E-07,,,225
954.2,2.75e-6,954.2,2.19e-6,,,,,,,876,3.49E-07,,,226
956.0,2.99e-6,956.0,2.39e-6,,,,,,,877,3.53E-07,,,227
957.9,3.19e-6,957.9,2.57e-6,,,,,,,878,3.57E-07,,,228
959.7,3.35e-6,959.7,2.66e-6,,,,,,,879,3.62E-07,,,229
961.5,3.47e-6,961.5,2.80e-6,,,,,,,880,3.66E-07,,,230
963.4,3.55e-6,963.4,2.88e-6,,,,,,,881,3.70E-07,,,231
965.3,3.61e-6,965.3,2.94e-6,,,,,,,882,3.75E-07,,,232
967.1,3.66e-6,967.1,3.00e-6,,,,,,,883,3.79E-07,,,233
969.0,3.69e-6,969.0,3.05e-6,,,,,,,884,3.83E-07,,,234
970.9,3.72e-6,970.9,3.16e-6,,,,,,,885,3.88E-07,,,235
972.8,3.75e-6,972.8,3.18e-6,,,,,,,886,3.93E-07,,,236
974.7,3.77e-6,974.7,3.23e-6,,,,,,,887,3.97E-07,,,237
976.6,3.78e-6,976.6,3.26e-6,,,,,,,888,4.01E-07,,,238
978.5,3.78e-6,978.5,3.28e-6,,,,,,,889,4.06E-07,,,239
980.4,3.76e-6,980.4,3.33e-6,,,,,,,890,4.11E-07,,,240
982.3,3.74e-6,982.3,3.31e-6,,,,,,,891,4.15E-07,,,241
984.3,3.71e-6,984.3,3.32e-6,,,,,,,892,4.20E-07,,,242
986.2,3.67e-6,986.2,3.34e-6,,,,,,,893,4.24E-07,,,243
988.1,3.62e-6,988.1,3.37e-6,,,,,,,894,4.28E-07,,,244
990.1,3.57e-6,990.1,3.37e-6,,,,,,,895,4.32E-07,,,245
992.1,3.50e-6,992.1,3.35e-6,,,,,,,896,4.37E-07,,,246
994.0,3.45e-6,994.0,3.26e-6,,,,,,,897,4.42E-07,,,247
996.0,3.38e-6,996.0,3.22e-6,,,,,,,898,4.46E-07,,,248
998.0,3.31e-6,998.0,3.22e-6,,,,,,,899,4.51E-07,,,249
1000.0,3.24e-6,1000.0,3.15e-6,,,,,,,900,4.56E-07,,,250
1002.0,3.16e-6,1002.0,3.15e-6,,,,,,,901,4.60E-07,,,251
1004.0,3.09e-6,1004.0,3.11e-6,,,,,,,902,4.65E-07,,,252
1006.0,3.01e-6,1006.0,3.05e-6,,,,,,,903,4.71E-07,,,253
1008.1,2.92e-6,1008.1,2.95e-6,,,,,,,904,4.76E-07,,,254
1010.1,2.83e-6,1010.1,2.92e-6,,,,,,,905,4.81E-07,,,255
1012.1,2.74e-6,1012.1,2.84e-6,,,,,,,906,4.87E-07,,,256
1014.2,2.66e-6,1014.2,2.75e-6,,,,,,,907,4.93E-07,,,257
1016.3,2.58e-6,1016.3,2.70e-6,,,,,,,908,4.99E-07,,,258
1018.3,2.50e-6,1018.3,2.61e-6,,,,,,,909,5.06E-07,,,259
1020.4,2.40e-6,1020.4,2.53e-6,,,,,,,910,5.13E-07,,,260
1022.5,2.31e-6,1022.5,2.48e-6,,,,,,,911,5.21E-07,,,261
1024.6,2.22e-6,1024.6,2.36e-6,,,,,,,912,5.29E-07,,,262
1026.7,2.14e-6,1026.7,2.29e-6,,,,,,,913,5.38E-07,,,263
1028.8,2.05e-6,1028.8,1.23e-6,,,,,,,914,5.48E-07,,,264
1030.9,1.96e-6,1030.9,2.13e-6,,,,,,,915,5.58E-07,,,265
1033.1,1.89e-6,1033.1,2.04e-6,,,,,,,916,5.70E-07,,,266
1035.2,1.81e-6,1035.2,1.97e-6,,,,,,,917,5.93E-07,,,267
1037.3,1.74e-6,1037.3,1.90e-6,,,,,,,918,6.06E-07,,,268
1039.5,1.67e-6,1039.5,1.83e-6,,,,,,,919,6.22E-07,,,269
1041.7,1.61e-6,1041.7,1.75e-6,,,,,,,920,6.38E-07,,,270
1043.8,1.55e-6,1043.8,1.71e-6,,,,,,,921,6.57E-07,,,271
1046.0,1.49e-6,1046.0,1.63e-6,,,,,,,922,6.80E-07,,,272
1048.2,1.43e-6,1048.2,1.57e-6,,,,,,,923,7.02E-07,,,273
1050.4,1.39e-6,1050.4,1.53e-6,,,,,,,924,7.27E-07,,,274
1052.6,1.35e-6,1052.6,1.47e-6,,,,,,,925,7.51E-07,,,275
1054.9,1.31e-6,1054.9,1.44e-6,,,,,,,926,7.81E-07,,,276
1057.1,1.28e-6,1057.1,1.37e-6,,,,,,,927,8.11E-07,,,277
1059.3,1.26e-6,1059.3,1.35e-6,,,,,,,928,8.49E-07,,,278
1061.6,1.23e-6,1061.6,1.35e-6,,,,,,,929,8.80E-07,,,279
1063.8,1.22e-6,1063.8,1.30e-6,,,,,,,930,9.18E-07,,,280
1066.1,1.21e-6,1066.1,1.30e-6,,,,,,,931,9.63E-07,,,281
1068.4,1.20e-6,1068.4,1.29e-6,,,,,,,932,1.00E-06,,,282
1070.7,1.20e-6,1070.7,1.26e-6,,,,,,,933,1.05E-06,,,283
1073.0,1.20e-6,1073.0,1.28e-6,,,,,,,934,1.09E-06,,,284
1075.3,1.21e-6,1075.3,1.26e-6,,,,,,,935,1.14E-06,,,285
1077.6,1.23e-6,1077.6,1.27e-6,,,,,,,936,1.18E-06,,,286
1079.9,1.24e-6,1079.9,1.30e-6,,,,,,,937,1.24E-06,,,287
1082.3,1.27e-6,1082.3,1.31e-6,,,,,,,938,1.29E-06,,,288
1084.6,1.31e-6,1084.6,1.35e-6,,,,,,,939,1.35E-06,,,289
1087.0,1.35e-6,1087.0,1.38e-6,,,,,,,940,1.41E-06,,,290
1089.3,1.39e-6,1089.3,1.41e-6,,,,,,,941,1.47E-06,,,291
1091.7,1.44e-6,1091.7,1.44e-6,,,,,,,942,1.53E-06,,,292
1094.1,1.49e-6,1094.1,1.51e-6,,,,,,,943,1.60E-06,,,293
1096.5,1.55e-6,1096.5,1.56e-6,,,,,,,944,1.67E-06,,,294
1098.9,1.63e-6,1098.9,1.61e-6,,,,,,,945,1.74E-06,,,295
1101.3,1.69e-6,1101.3,1.66e-6,,,,,,,946,1.82E-06,,,296
1103.8,1.76e-6,1103.8,1.72e-6,,,,,,,947,1.91E-06,,,297
1106.2,1.83e-6,1106.2,1.78e-6,,,,,,,948,2.00E-06,,,298
1108.6,1.91e-6,1108.6,1.84e-6,,,,,,,949,2.10E-06,,,299
1111.1,1.99e-6,1111.1,1.90e-6,,,,,,,950,2.21E-06,,,300
1113.6,2.07e-6,1113.6,1.96e-6,,,,,,,951,2.32E-06,,,301
1116.1,2.09e-6,1116.1,2.02e-6,,,,,,,952,2.45E-06,,,302
1118.6,2.18e-6,1118.6,2.09e-6,,,,,,,953,2.57E-06,,,303
1121.1,2.30e-6,1121.1,2.17e-6,,,,,,,954,2.70E-06,,,304
1123.6,2.43e-6,1123.6,2.28e-6,,,,,,,955,2.82E-06,,,305
1126.1,2.59e-6,1126.1,2.38e-6,,,,,,,956,2.94E-06,,,306
1128.7,2.84e-6,1128.7,2.58e-6,,,,,,,957,3.05E-06,,,307
1131.2,3.18e-6,1131.2,2.84e-6,,,,,,,958,3.16E-06,,,308
1133.8,3.64e-6,1133.8,3.20e-6,,,,,,,959,3.24E-06,,,309
1136.4,4.26e-6,1136.4,3.67e-6,,,,,,,960,3.32E-06,,,310
1139.0,5.05e-6,1139.0,4.30e-6,,,,,,,961,3.38E-06,,,311
1141.6,5.92e-6,1141.6,4.97e-6,,,,,,,962,3.43E-06,,,312
1144.2,6.86e-6,1144.2,5.68e-6,,,,,,,963,3.47E-06,,,313
1146.8,7.84e-6,1146.8,6.43e-6,,,,,,,964,3.51E-06,,,314
1149.4,8.68e-6,1149.4,7.07e-6,,,,,,,965,3.54E-06,,,315
1152.1,9.54e-6,1152.1,7.53e-6,,,,,,,966,3.56E-06,,,316
1154.7,1.01e-5,1154.7,8.06e-6,,,,,,,967,3.59E-06,,,317
1157.4,1.05e-5,1157.4,8.47e-6,,,,,,,968,3.61E-06,,,318
1160.1,1.08e-5,1160.1,8.89e-6,,,,,,,969,3.62E-06,,,319
1162.8,1.10e-5,1162.8,9.21e-6,,,,,,,970,3.64E-06,,,320
1165.5,1.11e-5,1165.5,9.52e-6,,,,,,,971,3.65E-06,,,321
1168.2,1.12e-5,1168.2,9.79e-6,,,,,,,972,3.67E-06,,,322
1171.0,1.13e-5,1171.0,9.99e-6,,,,,,,973,3.68E-06,,,323
1173.7,1.15e-5,1173.7,1.03e-5,,,,,,,974,3.69E-06,,,324
1176.5,1.15e-5,1176.5,1.05e-5,,,,,,,975,3.69E-06,,,325
1179.2,1.16e-5,1179.2,1.08e-5,,,,,,,976,3.70E-06,,,326
1182.0,1.17e-5,1182.0,1.10e-5,,,,,,,977,3.70E-06,,,327
1184.8,1.18e-5,1184.8,1.12e-5,,,,,,,978,3.70E-06,,,328
1187.6,1.19e-5,1187.6,1.15e-5,,,,,,,979,3.69E-06,,,329
1190.5,1.20e-5,1190.5,1.16e-5,,,,,,,980,3.69E-06,,,330
1193.3,1.21e-5,1193.3,1.19e-5,,,,,,,981,3.68E-06,,,331
1196.2,1.22e-5,1196.2,1.20e-5,,,,,,,982,3.67E-06,,,332
1199.0,1.22e-5,1199.0,1.22e-5,,,,,,,983,3.65E-06,,,333
1201.9,1.21e-5,1201.9,1.22e-5,,,,,,,984,3.64E-06,,,334
1204.8,1.22e-5,1204.8,1.25e-5,,,,,,,985,3.62E-06,,,335
1207.7,1.21e-5,1207.7,1.24e-5,,,,,,,986,3.60E-06,,,336
1210.7,1.21e-5,1210.7,1.25e-5,,,,,,,987,3.58E-06,,,337
1213.6,1.20e-5,1213.6,1.25e-5,,,,,,,988,3.56E-06,,,338
1216.5,1.20e-5,1216.5,1.26e-5,,,,,,,989,3.53E-06,,,339
1219.5,1.18e-5,1219.5,1.25e-5,,,,,,,990,3.51E-06,,,340
1222.5,1.18e-5,1222.5,1.26e-5,,,,,,,991,3.49E-06,,,341
1225.5,1.17e-5,1225.5,1.26e-5,,,,,,,992,3.46E-06,,,342
1228.5,1.17e-5,1228.5,1.25e-5,,,,,,,993,3.43E-06,,,343
1231.5,1.16e-5,1231.5,1.25e-5,,,,,,,994,3.40E-06,,,344
1234.6,1.15e-5,1234.6,1.25e-5,,,,,,,995,3.37E-06,,,345
1237.6,1.14e-5,1237.6,1.24e-5,,,,,,,996,3.33E-06,,,346
1240.7,1.14e-5,1240.7,1.24e-5,,,,,,,997,3.30E-06,,,347
1243.8,1.13e-5,1243.8,1.23e-5,,,,,,,998,3.26E-06,,,348
1246.9,1.12e-5,1246.9,1.22e-5,,,,,,,999,3.23E-06,,,349
1250.0,1.11e-5,1250.0,1.21e-5,,,,,,,1000,3.19E-06,,,350
1253.1,1.10e-5,1253.1,1.19e-5,,,,,,,1001,3.15E-06,,,351
1256.3,1.10e-5,1256.3,1.20e-5,,,,,,,1002,3.12E-06,,,352
1259.4,1.10e-5,1259.4,1.19e-5,,,,,,,1003,3.08E-06,,,353
1262.6,1.09e-5,1262.6,1.17e-5,,,,,,,1004,3.04E-06,,,354
1265.8,1.09e-5,1265.8,1.17e-5,,,,,,,1005,3.01E-06,,,355
1269.0,1.09e-5,1269.0,1.17e-5,,,,,,,1006,2.96E-06,,,356
1272.3,1.10e-5,1272.3,1.17e-5,,,,,,,1007,2.92E-06,,,357
1275.5,1.12e-5,1275.5,1.18e-5,,,,,,,1008,2.88E-06,,,358
1278.8,1.13e-5,1278.8,1.19e-5,,,,,,,1009,2.84E-06,,,359
1282.1,1.16e-5,1282.1,1.20e-5,,,,,,,1010,2.80E-06,,,360
1285.3,1.19e-5,1285.3,1.21e-5,,,,,,,1011,2.76E-06,,,361
1288.7,1.21e-5,1288.7,1.24e-5,,,,,,,1012,2.71E-06,,,362
1292.0,1.25e-5,1292.0,1.27e-5,,,,,,,1013,2.67E-06,,,363
1295.3,1.29e-5,1295.3,1.30e-5,,,,,,,1014,2.63E-06,,,364
1298.7,1.34e-5,1298.7,1.35e-5,,,,,,,1015,2.58E-06,,,365
1302.1,1.40e-5,1302.1,1.39e-5,,,,,,,1016,2.54E-06,,,366
1305.5,1.47e-5,1305.5,1.45e-5,,,,,,,1017,2.50E-06,,,367
1308.9,1.55e-5,1308.9,1.52e-5,,,,,,,1018,2.45E-06,,,368
1312.3,1.65e-5,1312.3,1.59e-5,,,,,,,1019,2.41E-06,,,369
1315.8,1.75e-5,1315.8,1.68e-5,,,,,,,1020,2.37E-06,,,370
1319.3,1.88e-5,1319.3,1.78e-5,,,,,,,1021,2.32E-06,,,371
1322.8,2.01e-5,1322.8,1.90e-5,,,,,,,1022,2.29E-06,,,372
1326.3,2.16e-5,1326.3,2.02e-5,,,,,,,1023,2.24E-06,,,373
1329.8,2.33e-5,1329.8,2.16e-5,,,,,,,1024,2.20E-06,,,374
1333.3,2.50e-5,1333.3,2.30e-5,,,,,,,1025,2.16E-06,,,375
1336.9,2.70e-5,1336.9,2.45e-5,,,,,,,1026,2.12E-06,,,376
1340.5,2.88e-5,1340.5,2.60e-5,,,,,,,1027,2.08E-06,,,377
1344.1,3.09e-5,1344.1,2.76e-5,,,,,,,1028,2.04E-06,,,378
1347.7,3.32e-5,1347.7,2.91e-5,,,,,,,1029,2.00E-06,,,379
1351.4,3.48e-5,1351.4,3.03e-5,,,,,,,1030,1.97E-06,,,380
1355.0,3.66e-5,1355.0,3.14e-5,,,,,,,1031,1.93E-06,,,381
1358.7,3.84e-5,1358.7,3.27e-5,,,,,,,1032,1.89E-06,,,382
1362.4,4.04e-5,1362.4,3.40e-5,,,,,,,1033,1.86E-06,,,383
1366.1,4.30e-5,1366.1,3.58e-5,,,,,,,1034,1.82E-06,,,384
1369.9,4.60e-5,1369.9,3.76e-5,,,,,,,1035,1.79E-06,,,385
1373.6,5.07e-5,1373.6,4.08e-5,,,,,,,1036,1.76E-06,,,386
1377.4,5.68e-5,1377.4,4.46e-5,,,,,,,1037,1.72E-06,,,387
1381.2,6.58e-5,1381.2,5.09e-5,,,,,,,1038,1.69E-06,,,388
1385.0,7.94e-5,1385.0,6.07e-5,,,,,,,1039,1.66E-06,,,389
1388.9,9.70e-5,1388.9,7.35e-5,,,,,,,1040,1.63E-06,,,390
1392.8,1.22e-4,1392.8,9.23e-5,,,,,,,1041,1.61E-06,,,391
1396.6,1.55e-4,1396.6,1.18e-4,,,,,,,1042,1.58E-06,,,392
1400.6,1.89e-4,1400.6,1.45e-4,,,,,,,1043,1.55E-06,,,393
1404.5,2.20e-4,1404.5,1.69e-4,,,,,,,1044,1.53E-06,,,394
1408.5,2.50e-4,1408.5,1.94e-4,,,,,,,1045,1.51E-06,,,395
1412.4,2.77e-4,1412.4,2.18e-4,,,,,,,1046,1.48E-06,,,396
1416.4,2.97e-4,1416.4,2.38e-4,,,,,,,1047,1.46E-06,,,397
1420.5,3.13e-4,1420.5,2.57e-4,,,,,,,1048,1.43E-06,,,398
1424.5,3.30e-4,1424.5,2.79e-4,,,,,,,1049,1.41E-06,,,399
1428.6,3.44e-4,1428.6,2.99e-4,,,,,,,1050,1.40E-06,,,400
1432.7,3.54e-4,1432.7,3.18e-4,,,,,,,1051,1.36E-06,,,401
1436.8,3.66e-4,1436.8,3.39e-4,,,,,,,1052,1.35E-06,,,402
1440.9,3.69e-4,1440.9,3.53e-4,,,,,,,1053,1.33E-06,,,403
1445.1,3.74e-4,1445.1,3.67e-4,1445.1,1.60e-4,,,,,1054,1.32E-06,,,404
1449.3,3.77e-4,1449.3,3.80e-4,1449.3,1.89e-4,,,,,1055,1.30E-06,,,405
1453.5,3.79e-4,1453.5,3.87e-4,1453.5,2.20e-4,,,,,1056,1.29E-06,,,406
1457.7,3.79e-4,1457.7,3.95e-4,1457.7,2.58e-4,,,,,1057,1.28E-06,,,407
1462.0,3.77e-4,1462.0,3.99e-4,1462.0,2.99e-4,,,,,1058,1.26E-06,,,408
1466.3,3.68e-4,1466.3,3.97e-4,1466.3,3.42e-4,,,,,1059,1.26E-06,,,409
1470.6,3.58e-4,1470.6,3.91e-4,1470.6,3.86e-4,,,,,1060,1.25E-06,,,410
1474.9,3.48e-4,1474.9,3.85e-4,1474.9,4.33e-4,,,,,1061,1.24E-06,,,411
1479.3,3.32e-4,1479.3,3.74e-4,1479.3,4.71e-4,,,,,1062,1.23E-06,,,412
1483.7,3.18e-4,1483.7,3.61e-4,1483.7,5.03e-4,,,,,1063,1.23E-06,,,413
1488.1,3.05e-4,1488.1,3.50e-4,1488.1,5.27e-4,,,,,1064,1.22E-06,,,414
1492.5,2.86e-4,1492.5,3.33e-4,1492.5,5.34e-4,,,,,1065,1.22E-06,,,415
1497.0,2.73e-4,1497.0,3.20e-4,1497.0,5.38e-4,,,,,1066,1.21E-06,,,416
1501.5,2.58e-4,1501.5,3.04e-4,1501.5,5.33e-4,,,,,1067,1.21E-06,,,417
1506.0,2.45e-4,1506.0,2.91e-4,1506.0,5.27e-4,,,,,1068,1.21E-06,,,418
1510.6,2.31e-4,1510.6,2.75e-4,1510.6,5.17e-4,,,,,1069,1.21E-06,,,419
1515.2,2.18e-4,1515.2,2.61e-4,1515.2,5.09e-4,,,,,1070,1.21E-06,,,420
1519.8,2.06e-4,1519.8,2.48e-4,1519.8,4.98e-4,,,,,1071,1.21E-06,,,421
1524.4,1.95e-4,1524.4,2.35e-4,1524.4,4.87e-4,,,,,1072,1.21E-06,,,422
1529.1,1.87e-4,1529.1,2.23e-4,1529.1,4.75e-4,,,,,1073,1.21E-06,,,423
1533.7,1.78e-4,1533.7,2.09e-4,1533.7,4.62e-4,,,,,1074,1.22E-06,,,424
1538.5,1.69e-4,1538.5,2.00e-4,1538.5,4.51e-4,,,,,1075,1.22E-06,,,425
1543.2,1.57e-4,1543.2,1.88e-4,1543.2,4.37e-4,,,,,1076,1.23E-06,,,426
1548.0,1.50e-4,1548.0,1.81e-4,1548.0,4.25e-4,,,,,1077,1.24E-06,,,427
1552.8,1.44e-4,1552.8,1.71e-4,1552.8,4.08e-4,,,,,1078,1.24E-06,,,428
1557.6,1.36e-4,1557.6,1.63e-4,1557.6,3.92e-4,,,,,1079,1.25E-06,,,429
1562.5,1.30e-4,1562.5,1.54e-4,1562.5,3.75e-4,,,,,1080,1.26E-06,,,430
1567.4,1.24e-4,1567.4,1.46e-4,1567.4,3.58e-4,,,,,1081,1.28E-06,,,431
1572.3,1.19e-4,1572.3,1.44e-4,1572.3,3.42e-4,,,,,1082,1.29E-06,,,432
1577.3,1.15e-4,1577.3,1.39e-4,1577.3,3.24e-4,,,,,1083,1.30E-06,,,433
1582.3,1.11e-4,1582.3,1.34e-4,1582.3,3.11e-4,,,,,1084,1.32E-06,,,434
1587.3,1.07e-4,1587.3,1.29e-4,1587.3,2.97e-4,,,,,1085,1.34E-06,,,435
1592.4,1.03e-4,1592.4,1.24e-4,1592.4,2.84e-4,,,,,1086,1.35E-06,,,436
1597.4,1.00e-4,1597.4,1.20e-4,1597.4,2.74e-4,,,,,1087,1.37E-06,,,437
1602.6,9.70e-5,1602.6,1.17e-4,1602.6,2.66e-4,,,,,1088,1.39E-06,,,438
1607.7,9.44e-5,1607.7,1.13e-4,1607.7,2.59e-4,,,,,1089,1.40E-06,,,439
1612.9,9.23e-5,1612.9,1.11e-4,1612.9,2.53e-4,,,,,1090,1.42E-06,,,440
1618.1,9.00e-5,1618.1,1.07e-4,1618.1,2.49e-4,,,,,1091,1.45E-06,,,441
1623.4,8.79e-5,1623.4,1.05e-4,1623.4,2.47e-4,,,,,1092,1.47E-06,,,442
1628.7,8.63e-5,1628.7,1.03e-4,1628.7,2.44e-4,,,,,1093,1.50E-06,,,443
1634.0,8.44e-5,1634.0,1.00e-4,1634.0,2.40e-4,,,,,1094,1.51E-06,,,444
1639.3,8.29e-5,1639.3,9.86e-5,1639.3,2.35e-4,,,,,1095,1.54E-06,,,445
1644.7,8.20e-5,1644.7,9.72e-5,1644.7,2.29e-4,,,,,1096,1.57E-06,,,446
1650.2,8.09e-5,1650.2,9.56e-5,1650.2,2.23e-4,,,,,1097,1.59E-06,,,447
1655.6,7.97e-5,1655.6,9.40e-5,1655.6,2.16e-4,,,,,1098,1.62E-06,,,448
1661.1,7.91e-5,1661.1,9.29e-5,1661.1,2.11e-4,,,,,1099,1.64E-06,,,449
1666.7,7.85e-5,1666.7,9.16e-5,1666.7,2.05e-4,,,,,1100,1.67E-06,,,450
1672.2,7.82e-5,1672.2,9.08e-5,1672.2,1.97e-4,,,,,1101,1.70E-06,,,451
1677.9,7.79e-5,1677.9,9.00e-5,1677.9,1.92e-4,,,,,1102,1.73E-06,,,452
1683.5,7.82e-5,1683.5,8.97e-5,1683.5,1.87e-4,,,,,1103,1.76E-06,,,453
1689.2,7.84e-5,1689.2,8.93e-5,1689.2,1.82e-4,,,,,1104,1.78E-06,,,454
1694.9,7.89e-5,1694.9,8.92e-5,1694.9,1.78e-4,,,,,1105,1.81E-06,,,455
1700.7,7.97e-5,1700.7,8.94e-5,1700.7,1.72e-4,,,,,1106,1.84E-06,,,456
1706.5,8.04e-5,1706.5,8.94e-5,1706.5,1.67e-4,,,,,1107,1.87E-06,,,457
1712.3,8.19e-5,1712.3,9.01e-5,1712.3,1.63e-4,,,,,1108,1.90E-06,,,458
1718.2,8.39e-5,1718.2,9.15e-5,1718.2,1.59e-4,,,,,1109,1.92E-06,,,459
1724.1,8.61e-5,1724.1,9.30e-5,1724.1,1.54e-4,,,,,1110,1.95E-06,,,460
1730.1,8.87e-5,1730.1,9.50e-5,1730.1,1.52e-4,,,,,1111,1.98E-06,,,461
1736.1,9.19e-5,1736.1,9.74e-5,1736.1,1.49e-4,,,,,1112,2.02E-06,,,462
1742.2,9.59e-5,1742.2,1.00e-4,1742.2,1.48e-4,,,,,1113,2.05E-06,,,463
1748.3,1.01e-4,1748.3,1.05e-4,1748.3,1.45e-4,,,,,1114,2.07E-06,,,464
1754.4,1.06e-4,1754.4,1.09e-4,1754.4,1.42e-4,,,,,1115,2.11E-06,,,465
1760.6,1.11e-4,1760.6,1.14e-4,1760.6,1.40e-4,,,,,1116,2.14E-06,,,466
1766.8,1.18e-4,1766.8,1.09e-4,1766.8,1.39e-4,,,,,1117,2.18E-06,,,467
1773.1,1.23e-4,1773.1,1.23e-4,1773.1,1.38e-4,,,,,1118,2.22E-06,,,468
1779.4,1.27e-4,1779.4,1.26e-4,1779.4,1.37e-4,,,,,1119,2.25E-06,,,469
1785.7,1.30e-4,1785.7,1.27e-4,1785.7,1.35e-4,,,,,1120,2.30E-06,,,470
1792.1,1.31e-4,1792.1,1.27e-4,1792.1,1.33e-4,,,,,1121,2.35E-06,,,471
1798.6,1.31e-4,1798.6,1.26e-4,1798.6,1.31e-4,,,,,1122,2.40E-06,,,472
1805.1,1.33e-4,1805.1,1.26e-4,1805.1,1.30e-4,,,,,1123,2.47E-06,,,473
1811.6,1.32e-4,1811.6,1.25e-4,1811.6,1.28e-4,,,,,1124,2.53E-06,,,474
1818.2,1.33e-4,1818.2,1.24e-4,1818.2,1.26e-4,,,,,1125,2.61E-06,,,475
1824.8,1.34e-4,1824.8,1.25e-4,1824.8,1.25e-4,,,,,1126,2.68E-06,,,476
1831.5,1.37e-4,1831.5,1.26e-4,1831.5,1.23e-4,,,,,1127,2.77E-06,,,477
1838.2,1.42e-4,1838.2,1.29e-4,1838.2,1.23e-4,,,,,1128,2.87E-06,,,478
1845.0,1.48e-4,1845.0,1.34e-4,1845.0,1.26e-4,,,,,1129,2.98E-06,,,479
1851.9,1.64e-4,1851.9,1.45e-4,1851.9,1.26e-4,,,,,1130,3.11E-06,,,480
1858.7,1.89e-4,1858.7,1.65e-4,1858.7,1.33e-4,,,,,1131,3.26E-06,,,481
1865.7,2.34e-4,1865.7,1.98e-4,1865.7,1.42e-4,,,,,1132,3.41E-06,,,482
1872.7,3.21e-4,1872.7,2.69e-4,1872.7,1.56e-4,,,,,1133,3.59E-06,,,483
1879.7,4.75e-4,1879.7,3.90e-4,1879.7,1.87e-4,,,,,1134,3.90E-06,,,484
1886.8,7.31e-4,1886.8,5.91e-4,1886.8,2.33e-4,,,,,1135,4.14E-06,,,485
1893.9,1.10e-3,1893.9,8.83e-4,1893.9,2.98e-4,,,,,1136,4.39E-06,,,486
1901.1,1.49e-3,1901.1,1.17e-3,1901.1,4.00e-4,,,,,1137,4.66E-06,,,487
1908.4,1.78e-3,1908.4,1.44e-3,1908.4,4.84e-4,,,,,1138,4.95E-06,,,488
1915.7,1.96e-3,1915.7,1.66e-3,1915.7,5.53e-4,,,,,1139,5.27E-06,,,489
1923.1,2.06e-3,1923.1,1.82e-3,1923.1,6.82e-4,,,,,1140,5.58E-06,,,490
1930.5,2.10e-3,1930.5,1.95e-3,1930.5,8.38e-4,,,,,1141,5.91E-06,,,491
1938.0,2.08e-3,1938.0,2.00e-3,1938.0,9.91e-4,,,,,1142,6.25E-06,,,492
1945.5,2.02e-3,1945.5,2.00e-3,1945.5,1.16e-3,,,,,1143,6.59E-06,,,493
1953.1,1.92e-3,1953.1,1.95e-3,1953.1,1.31e-3,,,,,1144,6.94E-06,,,494
1960.8,1.80e-3,1960.8,1.87e-3,1960.8,1.42e-3,,,,,1145,7.28E-06,,,495
1968.5,1.68e-3,1968.5,1.77e-3,1968.5,1.52e-3,,,,,1146,7.61E-06,,,496
1976.3,1.56e-3,1976.3,1.68e-3,1976.3,1.59e-3,,,,,1147,7.95E-06,,,497
1984.1,1.44e-3,1984.1,1.56e-3,1984.1,1.63e-3,,,,,1148,8.26E-06,,,498
1992.0,1.33e-3,1992.0,1.46e-3,1992.0,1.64e-3,,,,,1149,8.68E-06,,,499
2000.0,1.23e-3,2000.0,1.37e-3,2000.0,1.64e-3,,,,,1150,8.96E-06,,,500
2008.0,1.13e-3,2008.0,1.28e-3,2008.0,1.63e-3,,,,,1150,8.65E-06,,,501
2016.1,1.05e-3,2016.1,1.19e-3,2016.1,1.59e-3,,,,,1151.25,8.95E-06,,,502
2024.3,9.69e-4,2024.3,1.11e-3,2024.3,1.55e-3,,,,,1152.5,9.26E-06,,,503
2032.5,8.96e-4,2032.5,1.03e-3,2032.5,1.52e-3,,,,,1153.75,9.46E-06,,,504
2040.8,8.31e-4,2040.8,9.54e-4,2040.8,1.45e-3,,,,,1155,9.65E-06,,,505
2049.2,7.77e-4,2049.2,8.91e-4,2049.2,1.40e-3,,,,,1156.25,9.85E-06,,,506
2057.6,7.20e-4,2057.6,8.25e-4,2057.6,1.32e-3,,,,,1157.5,1.00E-05,,,507
2066.1,6.65e-4,2066.1,7.50e-4,2066.1,1.23e-3,,,,,1158.75,1.01E-05,,,508
2074.7,6.20e-4,2074.7,7.00e-4,2074.7,1.13e-3,,,,,1160,1.02E-05,,,509
2083.3,5.80e-4,2083.3,6.47e-4,2083.3,1.02e-3,,,,,1161.25,1.04E-05,,,510
2092.1,5.43e-4,2092.1,6.03e-4,2092.1,9.30e-4,,,,,1162.5,1.05E-05,,,511
2100.8,5.09e-4,2100.8,5.61e-4,2100.8,8.20e-4,,,,,1163.75,1.06E-05,,,512
2109.7,4.80e-4,2109.7,5.23e-4,2109.7,7.19e-4,,,,,1165,1.07E-05,,,513
2118.6,4.54e-4,2118.6,4.87e-4,2118.6,6.28e-4,,,,,1166.25,1.08E-05,,,514
2127.7,4.32e-4,2127.7,4.58e-4,2127.7,5.50e-4,,,,,1167.5,1.08E-05,,,515
2136.8,4.13e-4,2136.8,4.31e-4,2136.8,4.85e-4,,,,,1168.75,1.09E-05,,,516
2145.9,3.96e-4,2145.9,4.08e-4,2145.9,4.28e-4,,,,,1170,1.09E-05,,,517
2155.2,3.83e-4,2155.2,3.89e-4,2155.2,3.83e-4,,,,,1171.25,1.10E-05,,,518
2164.5,3.73e-4,2164.5,3.72e-4,2164.5,3.48e-4,,,,,1172.5,1.10E-05,,,519
2173.9,3.64e-4,2173.9,3.61e-4,2173.9,3.17e-4,,,,,1173.75,1.11E-05,,,520
2183.4,3.59e-4,2183.4,3.52e-4,2183.4,2.93e-4,,,,,1175,1.11E-05,,,521
2193.0,3.54e-4,2193.0,3.43e-4,2193.0,2.71e-4,,,,,1176.25,1.12E-05,,,522
2202.6,3.53e-4,2202.6,3.41e-4,2202.6,2.54e-4,,,,,1177.5,1.12E-05,,,523
2212.4,3.53e-4,2212.4,3.35e-4,2212.4,2.38e-4,,,,,1178.75,1.13E-05,,,524
2222.2,3.56e-4,2222.2,3.37e-4,2222.2,2.27e-4,,,,,1180,1.14E-05,,,525
2232.1,3.62e-4,2232.1,3.43e-4,2232.1,2.17e-4,,,,,1181.25,1.14E-05,,,526
2242.2,3.70e-4,2242.2,3.45e-4,2242.2,2.12e-4,,,,,1182.5,1.15E-05,,,527
2252.3,3.80e-4,2252.3,3.48e-4,2252.3,2.10e-4,,,,,1183.75,1.15E-05,,,528
2262.4,3.95e-4,2262.4,3.63e-4,2262.4,2.16e-4,,,,,1185,1.15E-05,,,529
2272.7,4.12e-4,2272.7,3.80e-4,2272.7,2.28e-4,,,,,1186.25,1.16E-05,,,530
2283.1,4.34e-4,2283.1,4.01e-4,2283.1,2.46e-4,,,,,1187.5,1.16E-05,,,531
2293.6,4.60e-4,2293.6,4.26e-4,2293.6,2.72e-4,,,,,1188.75,1.17E-05,,,532
2304.1,4.89e-4,2304.1,4.55e-4,2304.1,3.03e-4,,,,,1190,1.17E-05,,,533
2314.8,5.24e-4,2314.8,4.90e-4,2314.8,3.40e-4,,,,,1191.25,1.18E-05,,,534
2325.6,5.64e-4,2325.6,5.31e-4,2325.6,3.81e-4,,,,,1192.5,1.19E-05,,,535
2336.4,6.07e-4,2336.4,5.70e-4,2336.4,4.20e-4,,,,,1193.75,1.20E-05,,,536
2347.4,6.75e-4,2347.4,6.19e-4,2347.4,4.61e-4,,,,,1195,1.20E-05,,,537
2358.5,7.11e-4,2358.5,6.73e-4,2358.5,4.97e-4,,,,,1196.25,1.20E-05,,,538
2369.7,7.70e-4,2369.7,7.31e-4,2369.7,5.27e-4,,,,,1197.5,1.20E-05,,,539
2381.0,8.35e-4,2381.0,7.81e-4,2381.0,5.54e-4,,,,,1198.75,1.20E-05,,,540
2392.3,9.05e-4,2392.3,8.50e-4,2392.3,5.77e-4,,,,,1200,1.20E-05,,,541
2403.8,9.84e-4,2403.8,9.20e-4,2403.8,5.99e-4,,,,,1201.25,1.20E-05,,,542
2415.5,1.07e-3,2415.5,9.94e-4,2415.5,6.21e-4,,,,,1202.5,1.20E-05,,,543
2427.2,1.17e-3,2427.2,1.08e-3,2427.2,6.40e-4,,,,,1203.75,1.20E-05,,,544
2439.0,1.27e-3,2439.0,1.17e-3,2439.0,6.61e-4,,,,,1205,1.20E-05,,,545
2451.0,1.40e-3,2451.0,1.25e-3,2451.0,6.91e-4,,,,,1206.25,1.20E-05,,,546
2463.1,1.56e-3,2463.1,1.42e-3,2463.1,7.20e-4,,,,,1207.5,1.20E-05,,,547
2475.2,1.71e-3,2475.2,1.56e-3,2475.2,7.44e-4,,,,,1208.75,1.19E-05,,,548
2487.6,1.87e-3,2487.6,1.68e-3,2487.6,7.72e-4,,,,,1210,1.19E-05,,,549
2500.0,2.00e-3,2500.0,1.76e-3,2500.0,8.04e-4,,,,,1211.25,1.20E-05,,,550
,,,,,,,,,,1212.5,1.19E-05,,,551
,,,,,,,,,,1213.75,1.19E-05,,,552
,,,,,,,,,,1215,1.19E-05,,,553
,,,,,,,,,,1216.25,1.18E-05,,,554
,,,,,,,,,,1217.5,1.18E-05,,,555
,,,,,,,,,,1218.75,1.18E-05,,,556
,,,,,,,,,,1220,1.18E-05,,,557
,,,,,,,,,,1221.25,1.18E-05,,,558
,,,,,,,,,,1222.5,1.18E-05,,,559
,,,,,,,,,,1223.75,1.17E-05,,,560
,,,,,,,,,,1225,1.17E-05,,,561
,,,,,,,,,,1226.25,1.16E-05,,,562
,,,,,,,,,,1227.5,1.16E-05,,,563
,,,,,,,,,,1228.75,1.16E-05,,,564
,,,,,,,,,,1230,1.15E-05,,,565
,,,,,,,,,,1231.25,1.16E-05,,,566
,,,,,,,,,,1232.5,1.16E-05,,,567
,,,,,,,,,,1233.75,1.15E-05,,,568
,,,,,,,,,,1235,1.15E-05,,,569
,,,,,,,,,,1236.25,1.14E-05,,,570
,,,,,,,,,,1237.5,1.14E-05,,,571
,,,,,,,,,,1238.75,1.13E-05,,,572
,,,,,,,,,,1240,1.13E-05,,,573
,,,,,,,,,,1241.25,1.13E-05,,,574
,,,,,,,,,,1242.5,1.13E-05,,,575
,,,,,,,,,,1243.75,1.13E-05,,,576
,,,,,,,,,,1245,1.12E-05,,,577
,,,,,,,,,,1246.25,1.12E-05,,,578
,,,,,,,,,,1247.5,1.11E-05,,,579
,,,,,,,,,,1248.75,1.11E-05,,,580
,,,,,,,,,,1250,1.10E-05,,,581
,,,,,,,,,,1251.25,1.11E-05,,,582
,,,,,,,,,,1252.5,1.11E-05,,,583
,,,,,,,,,,1253.75,1.10E-05,,,584
,,,,,,,,,,1255,1.10E-05,,,585
,,,,,,,,,,1256.25,1.10E-05,,,586
,,,,,,,,,,1257.5,1.09E-05,,,587
,,,,,,,,,,1258.75,1.09E-05,,,588
,,,,,,,,,,1260,1.09E-05,,,589
,,,,,,,,,,1261.25,1.09E-05,,,590
,,,,,,,,,,1262.5,1.09E-05,,,591
,,,,,,,,,,1263.75,1.10E-05,,,592
,,,,,,,,,,1265,1.09E-05,,,593
,,,,,,,,,,1266.25,1.09E-05,,,594
,,,,,,,,,,1267.5,1.09E-05,,,595
,,,,,,,,,,1268.75,1.10E-05,,,596
,,,,,,,,,,1270,1.09E-05,,,597
,,,,,,,,,,1271.25,1.10E-05,,,598
,,,,,,,,,,1272.5,1.10E-05,,,599
,,,,,,,,,,1273.75,1.10E-05,,,600
,,,,,,,,,,1275,1.11E-05,,,601
,,,,,,,,,,1276.25,1.12E-05,,,602
,,,,,,,,,,1277.5,1.12E-05,,,603
,,,,,,,,,,1278.75,1.13E-05,,,604
,,,,,,,,,,1280,1.13E-05,,,605
,,,,,,,,,,1281.25,1.14E-05,,,606
,,,,,,,,,,1282.5,1.15E-05,,,607
,,,,,,,,,,1283.75,1.16E-05,,,608
,,,,,,,,,,1285,1.17E-05,,,609
,,,,,,,,,,1286.25,1.18E-05,,,610
,,,,,,,,,,1287.5,1.19E-05,,,611
,,,,,,,,,,1288.75,1.20E-05,,,612
,,,,,,,,,,1290,1.21E-05,,,613
,,,,,,,,,,1291.25,1.24E-05,,,614
,,,,,,,,,,1292.5,1.27E-05,,,615
,,,,,,,,,,1293.75,1.28E-05,,,616
,,,,,,,,,,1295,1.30E-05,,,617
,,,,,,,,,,1296.25,1.31E-05,,,618
,,,,,,,,,,1297.5,1.33E-05,,,619
,,,,,,,,,,1298.75,1.35E-05,,,620
,,,,,,,,,,1300,1.38E-05,,,621
,,,,,,,,,,1301.25,1.40E-05,,,622
,,,,,,,,,,1302.5,1.42E-05,,,623
,,,,,,,,,,1303.75,1.44E-05,,,624
,,,,,,,,,,1305,1.47E-05,,,625
,,,,,,,,,,1306.25,1.50E-05,,,626
,,,,,,,,,,1307.5,1.53E-05,,,627
,,,,,,,,,,1308.75,1.56E-05,,,628
,,,,,,,,,,1310,1.59E-05,,,629
,,,,,,,,,,1311.25,1.63E-05,,,630
,,,,,,,,,,1312.5,1.66E-05,,,631
,,,,,,,,,,1313.75,1.69E-05,,,632
,,,,,,,,,,1315,1.74E-05,,,633
,,,,,,,,,,1316.25,1.78E-05,,,634
,,,,,,,,,,1317.5,1.82E-05,,,635
,,,,,,,,,,1318.75,1.87E-05,,,636
,,,,,,,,,,1320,1.91E-05,,,637
,,,,,,,,,,1321.25,1.96E-05,,,638
,,,,,,,,,,1322.5,2.01E-05,,,639
,,,,,,,,,,1323.75,2.05E-05,,,640
,,,,,,,,,,1325,2.11E-05,,,641
,,,,,,,,,,1326.25,2.16E-05,,,642
,,,,,,,,,,1327.5,2.22E-05,,,643
,,,,,,,,,,1328.75,2.27E-05,,,644
,,,,,,,,,,1330,2.34E-05,,,645
,,,,,,,,,,1331.25,2.42E-05,,,646
,,,,,,,,,,1332.5,2.48E-05,,,647
,,,,,,,,,,1333.75,2.55E-05,,,648
,,,,,,,,,,1335,2.60E-05,,,649
,,,,,,,,,,1336.25,2.67E-05,,,650
,,,,,,,,,,1337.5,2.74E-05,,,651
,,,,,,,,,,1338.75,2.80E-05,,,652
,,,,,,,,,,1340,2.86E-05,,,653
,,,,,,,,,,1341.25,2.92E-05,,,654
,,,,,,,,,,1342.5,2.99E-05,,,655
,,,,,,,,,,1343.75,3.05E-05,,,656
,,,,,,,,,,1345,3.10E-05,,,657
,,,,,,,,,,1346.25,3.17E-05,,,658
,,,,,,,,,,1347.5,3.23E-05,,,659
,,,,,,,,,,1348.75,3.28E-05,,,660
,,,,,,,,,,1350,3.34E-05,,,661
,,,,,,,,,,1351.25,3.40E-05,,,662
,,,,,,,,,,1352.5,3.45E-05,,,663
,,,,,,,,,,1353.75,3.51E-05,,,664
,,,,,,,,,,1355,3.56E-05,,,665
,,,,,,,,,,1356.25,3.63E-05,,,666
,,,,,,,,,,1357.5,3.67E-05,,,667
,,,,,,,,,,1358.75,3.73E-05,,,668
,,,,,,,,,,1360,3.79E-05,,,669
,,,,,,,,,,1361.25,3.86E-05,,,670
,,,,,,,,,,1362.5,3.94E-05,,,671
,,,,,,,,,,1363.75,4.00E-05,,,672
,,,,,,,,,,1365,4.08E-05,,,673
,,,,,,,,,,1366.25,4.19E-05,,,674
,,,,,,,,,,1367.5,4.27E-05,,,675
,,,,,,,,,,1368.75,4.38E-05,,,676
,,,,,,,,,,1370,4.50E-05,,,677
,,,,,,,,,,1371.25,4.68E-05,,,678
,,,,,,,,,,1372.5,4.83E-05,,,679
,,,,,,,,,,1373.75,5.00E-05,,,680
,,,,,,,,,,1375,5.18E-05,,,681
,,,,,,,,,,1376.25,5.39E-05,,,682
,,,,,,,,,,1377.5,5.62E-05,,,683
,,,,,,,,,,1378.75,5.87E-05,,,684
,,,,,,,,,,1380,6.15E-05,,,685
,,,,,,,,,,1381.25,6.55E-05,,,686
,,,,,,,,,,1382.5,6.94E-05,,,687
,,,,,,,,,,1383.75,7.39E-05,,,688
,,,,,,,,,,1385,7.87E-05,,,689
,,,,,,,,,,1386.25,8.37E-05,,,690
,,,,,,,,,,1387.5,8.93E-05,,,691
,,,,,,,,,,1388.75,9.55E-05,,,692
,,,,,,,,,,1390,0.000101764,,,693
,,,,,,,,,,1391.25,0.000111819,,,694
,,,,,,,,,,1392.5,0.000118568,,,695
,,,,,,,,,,1393.75,0.000127548,,,696
,,,,,,,,,,1395,0.000135433,,,697
,,,,,,,,,,1396.25,0.000144443,,,698
,,,,,,,,,,1397.5,0.000153469,,,699
,,,,,,,,,,1398.75,0.000162511,,,700
,,,,,,,,,,1400,0.000170455,,,701
,,,,,,,,,,1401.25,0.000180643,,,702
,,,,,,,,,,1402.5,0.000189733,,,703
,,,,,,,,,,1403.75,0.000197721,,,704
,,,,,,,,,,1405,0.000206842,,,705
,,,,,,,,,,1406.25,0.000214859,,,706
,,,,,,,,,,1407.5,0.000222891,,,707
,,,,,,,,,,1408.75,0.000229815,,,708
,,,,,,,,,,1410,0.000236751,,,709
,,,,,,,,,,1411.25,0.000243699,,,710
,,,,,,,,,,1412.5,0.000249535,,,711
,,,,,,,,,,1413.75,0.000255381,,,712
,,,,,,,,,,1415,0.000261237,,,713
,,,,,,,,,,1416.25,0.000265976,,,714
,,,,,,,,,,1417.5,0.000270723,,,715
,,,,,,,,,,1418.75,0.000275477,,,716
,,,,,,,,,,1420,0.00028024,,,717
,,,,,,,,,,1421.25,0.000282749,,,718
,,,,,,,,,,1422.5,0.000286393,,,719
,,,,,,,,,,1423.75,0.000290044,,,720
,,,,,,,,,,1425,0.000293701,,,721
,,,,,,,,,,1426.25,0.000296228,,,722
,,,,,,,,,,1427.5,0.00029876,,,723
,,,,,,,,,,1428.75,0.000301295,,,724
,,,,,,,,,,1430,0.000303835,,,725
,,,,,,,,,,1431.25,0.000305239,,,726
,,,,,,,,,,1432.5,0.000307786,,,727
,,,,,,,,,,1433.75,0.000309195,,,728
,,,,,,,,,,1435,0.000310607,,,729
,,,,,,,,,,1436.25,0.00031202,,,730
,,,,,,,,,,1437.5,0.000313436,,,731
,,,,,,,,,,1438.75,0.000314853,,,732
,,,,,,,,,,1440,0.000315127,,,733
,,,,,,,,,,1441.25,0.000316547,,,734
,,,,,,,,,,1442.5,0.00031797,,,735
,,,,,,,,,,1443.75,0.000318245,,,736
,,,,,,,,,,1445,0.000318521,,,737
,,,,,,,,,,1446.25,0.000319947,,,738
,,,,,,,,,,1447.5,0.000320224,,,739
,,,,,,,,,,1448.75,0.0003205,,,740
,,,,,,,,,,1450,0.000320777,,,741
,,,,,,,,,,1451.25,0.000321053,,,742
,,,,,,,,,,1452.5,0.00032133,,,743
,,,,,,,,,,1453.75,0.000321606,,,744
,,,,,,,,,,1455,0.000321883,,,745
,,,,,,,,,,1456.25,0.000322159,,,746
,,,,,,,,,,1457.5,0.000321276,,,747
,,,,,,,,,,1458.75,0.000321552,,,748
,,,,,,,,,,1460,0.000321827,,,749
,,,,,,,,,,1461.25,0.000322103,,,750
,,,,,,,,,,1462.5,0.000322378,,,751
,,,,,,,,,,1463.75,0.000321489,,,752
,,,,,,,,,,1465,0.000320598,,,753
,,,,,,,,,,1466.25,0.000319704,,,754
,,,,,,,,,,1467.5,0.000318809,,,755
,,,,,,,,,,1468.75,0.000317912,,,756
,,,,,,,,,,1470,0.000317013,,,757
,,,,,,,,,,1471.25,0.000316112,,,758
,,,,,,,,,,1472.5,0.000315208,,,759
,,,,,,,,,,1473.75,0.00031313,,,760
,,,,,,,,,,1475,0.000311048,,,761
,,,,,,,,,,1476.25,0.000308963,,,762
,,,,,,,,,,1477.5,0.000308048,,,763
,,,,,,,,,,1478.75,0.000305955,,,764
,,,,,,,,,,1480,0.000303859,,,765
,,,,,,,,,,1481.25,0.000301758,,,766
,,,,,,,,,,1482.5,0.000298473,,,767
,,,,,,,,,,1483.75,0.000296363,,,768
,,,,,,,,,,1485,0.000293068,,,769
,,,,,,,,,,1486.25,0.000290949,,,770
,,,,,,,,,,1487.5,0.000287643,,,771
,,,,,,,,,,1488.75,0.000285515,,,772
,,,,,,,,,,1490,0.000282198,,,773
,,,,,,,,,,1491.25,0.000278874,,,774
,,,,,,,,,,1492.5,0.000276733,,,775
,,,,,,,,,,1493.75,0.000273398,,,776
,,,,,,,,,,1495,0.000270058,,,777
,,,,,,,,,,1496.25,0.000266712,,,778
,,,,,,,,,,1497.5,0.00026336,,,779
,,,,,,,,,,1498.75,0.000260001,,,780
,,,,,,,,,,1500,0.000256637,,,781
,,,,,,,,,,1501.25,0.000254462,,,782
,,,,,,,,,,1502.5,0.000251087,,,783
,,,,,,,,,,1503.75,0.000247706,,,784
,,,,,,,,,,1505,0.000244319,,,785
,,,,,,,,,,1506.25,0.000240926,,,786
,,,,,,,,,,1507.5,0.000238726,,,787
,,,,,,,,,,1508.75,0.000234122,,,788
,,,,,,,,,,1510,0.000231913,,,789
,,,,,,,,,,1511.25,0.000228497,,,790
,,,,,,,,,,1512.5,0.000225075,,,791
,,,,,,,,,,1513.75,0.000221647,,,792
,,,,,,,,,,1515,0.000219419,,,793
,,,,,,,,,,1516.25,0.00021598,,,794
,,,,,,,,,,1517.5,0.000212536,,,795
,,,,,,,,,,1518.75,0.000210293,,,796
,,,,,,,,,,1520,0.000206838,,,797
,,,,,,,,,,1521.25,0.000204587,,,798
,,,,,,,,,,1522.5,0.00020112,,,799
,,,,,,,,,,1523.75,0.00019886,,,800
,,,,,,,,,,1525,0.000195383,,,801
,,,,,,,,,,1526.25,0.000193114,,,802
,,,,,,,,,,1527.5,0.000190841,,,803
,,,,,,,,,,1528.75,0.000187347,,,804
,,,,,,,,,,1530,0.000185065,,,805
,,,,,,,,,,1531.25,0.00018278,,,806
,,,,,,,,,,1532.5,0.00018049,,,807
,,,,,,,,,,1533.75,0.000176975,,,808
,,,,,,,,,,1535,0.000174677,,,809
,,,,,,,,,,1536.25,0.000172374,,,810
,,,,,,,,,,1537.5,0.000170067,,,811
,,,,,,,,,,1538.75,0.000168981,,,812
,,,,,,,,,,1540,0.000166667,,,813
,,,,,,,,,,1541.25,0.000164349,,,814
,,,,,,,,,,1542.5,0.000162028,,,815
,,,,,,,,,,1543.75,0.000159702,,,816
,,,,,,,,,,1545,0.000157372,,,817
,,,,,,,,,,1546.25,0.000155039,,,818
,,,,,,,,,,1547.5,0.000152701,,,819
,,,,,,,,,,1548.75,0.000151592,,,820
,,,,,,,,,,1550,0.000149248,,,821
,,,,,,,,,,1551.25,0.000146899,,,822
,,,,,,,,,,1552.5,0.000145782,,,823
,,,,,,,,,,1553.75,0.000143426,,,824
,,,,,,,,,,1555,0.000142304,,,825
,,,,,,,,,,1556.25,0.000139942,,,826
,,,,,,,,,,1557.5,0.000138815,,,827
,,,,,,,,,,1558.75,0.000136446,,,828
,,,,,,,,,,1560,0.000135314,,,829
,,,,,,,,,,1561.25,0.000130452,,,830
,,,,,,,,,,1562.5,0.000129313,,,831
,,,,,,,,,,1563.75,0.000126928,,,832
,,,,,,,,,,1565,0.000125784,,,833
,,,,,,,,,,1566.25,0.000124638,,,834
,,,,,,,,,,1567.5,0.00012349,,,835
,,,,,,,,,,1568.75,0.00012234,,,836
,,,,,,,,,,1570,0.000121064,,,837
,,,,,,,,,,1571.25,0.000118159,,,838
,,,,,,,,,,1572.5,0.000117002,,,839
,,,,,,,,,,1573.75,0.000115842,,,840
,,,,,,,,,,1575,0.000114806,,,841
,,,,,,,,,,1576.25,0.000113894,,,842
,,,,,,,,,,1577.5,0.000112729,,,843
,,,,,,,,,,1578.75,0.000111813,,,844
,,,,,,,,,,1580,0.00011077,,,845
,,,,,,,,,,1581.25,0.000109851,,,846
,,,,,,,,,,1582.5,0.000108931,,,847
,,,,,,,,,,1583.75,0.000108008,,,848
,,,,,,,,,,1585,0.000107085,,,849
,,,,,,,,,,1586.25,0.000106285,,,850
,,,,,,,,,,1587.5,0.000105359,,,851
,,,,,,,,,,1588.75,0.000104557,,,852
,,,,,,,,,,1590,0.000103753,,,853
,,,,,,,,,,1591.25,0.000102948,,,854
,,,,,,,,,,1592.5,0.000102142,,,855
,,,,,,,,,,1593.75,0.000101461,,,856
,,,,,,,,,,1595,0.000100652,,,857
,,,,,,,,,,1596.25,0.000100096,,,858
,,,,,,,,,,1597.5,9.93E-05,,,859
,,,,,,,,,,1598.75,9.86E-05,,,860
,,,,,,,,,,1600,9.79E-05,,,861
,,,,,,,,,,1601.25,9.72E-05,,,862
,,,,,,,,,,1602.5,9.67E-05,,,863
,,,,,,,,,,1603.75,9.60E-05,,,864
,,,,,,,,,,1605,9.54E-05,,,865
,,,,,,,,,,1606.25,9.48E-05,,,866
,,,,,,,,,,1607.5,9.43E-05,,,867
,,,,,,,,,,1608.75,9.36E-05,,,868
,,,,,,,,,,1610,9.31E-05,,,869
,,,,,,,,,,1611.25,9.26E-05,,,870
,,,,,,,,,,1612.5,9.21E-05,,,871
,,,,,,,,,,1613.75,9.14E-05,,,872
,,,,,,,,,,1615,9.11E-05,,,873
,,,,,,,,,,1616.25,9.05E-05,,,874
,,,,,,,,,,1617.5,9.01E-05,,,875
,,,,,,,,,,1618.75,8.95E-05,,,876
,,,,,,,,,,1620,8.92E-05,,,877
,,,,,,,,,,1621.25,8.86E-05,,,878
,,,,,,,,,,1622.5,8.83E-05,,,879
,,,,,,,,,,1623.75,8.77E-05,,,880
,,,,,,,,,,1625,8.74E-05,,,881
,,,,,,,,,,1626.25,8.70E-05,,,882
,,,,,,,,,,1627.5,8.66E-05,,,883
,,,,,,,,,,1628.75,8.62E-05,,,884
,,,,,,,,,,1630,8.59E-05,,,885
,,,,,,,,,,1631.25,8.55E-05,,,886
,,,,,,,,,,1632.5,8.52E-05,,,887
,,,,,,,,,,1633.75,8.48E-05,,,888
,,,,,,,,,,1635,8.46E-05,,,889
,,,,,,,,,,1636.25,8.41E-05,,,890
,,,,,,,,,,1637.5,8.38E-05,,,891
,,,,,,,,,,1638.75,8.35E-05,,,892
,,,,,,,,,,1640,8.33E-05,,,893
,,,,,,,,,,1641.25,8.29E-05,,,894
,,,,,,,,,,1642.5,8.26E-05,,,895
,,,,,,,,,,1643.75,8.24E-05,,,896
,,,,,,,,,,1645,8.19E-05,,,897
,,,,,,,,,,1646.25,8.19E-05,,,898
,,,,,,,,,,1647.5,8.15E-05,,,899
,,,,,,,,,,1648.75,8.13E-05,,,900
,,,,,,,,,,1650,8.10E-05,,,901
,,,,,,,,,,1651.25,8.09E-05,,,902
,,,,,,,,,,1652.5,8.06E-05,,,903
,,,,,,,,,,1653.75,8.05E-05,,,904
,,,,,,,,,,1655,8.02E-05,,,905
,,,,,,,,,,1656.25,8.01E-05,,,906
,,,,,,,,,,1657.5,7.99E-05,,,907
,,,,,,,,,,1658.75,7.99E-05,,,908
,,,,,,,,,,1660,7.95E-05,,,909
,,,,,,,,,,1661.25,7.96E-05,,,910
,,,,,,,,,,1662.5,7.94E-05,,,911
,,,,,,,,,,1663.75,7.94E-05,,,912
,,,,,,,,,,1665,7.91E-05,,,913
,,,,,,,,,,1666.25,7.93E-05,,,914
,,,,,,,,,,1667.5,7.92E-05,,,915
,,,,,,,,,,1668.75,7.91E-05,,,916
,,,,,,,,,,1670,7.89E-05,,,917
,,,,,,,,,,1671.25,7.89E-05,,,918
,,,,,,,,,,1672.5,7.89E-05,,,919
,,,,,,,,,,1673.75,7.89E-05,,,920
,,,,,,,,,,1675,7.86E-05,,,921
,,,,,,,,,,1676.25,7.87E-05,,,922
,,,,,,,,,,1677.5,7.86E-05,,,923
,,,,,,,,,,1678.75,7.86E-05,,,924
,,,,,,,,,,1680,7.83E-05,,,925
,,,,,,,,,,1681.25,7.83E-05,,,926
,,,,,,,,,,1682.5,7.83E-05,,,927
,,,,,,,,,,1683.75,7.81E-05,,,928
,,,,,,,,,,1685,7.82E-05,,,929
,,,,,,,,,,1686.25,7.81E-05,,,930
,,,,,,,,,,1687.5,7.82E-05,,,931
,,,,,,,,,,1688.75,7.81E-05,,,932
,,,,,,,,,,1690,7.80E-05,,,933
,,,,,,,,,,1691.25,7.79E-05,,,934
,,,,,,,,,,1692.5,7.78E-05,,,935
,,,,,,,,,,1693.75,7.79E-05,,,936
,,,,,,,,,,1695,7.81E-05,,,937
,,,,,,,,,,1696.25,7.99E-05,,,938
,,,,,,,,,,1697.5,8.00E-05,,,939
,,,,,,,,,,1698.75,8.00E-05,,,940
,,,,,,,,,,1700,8.01E-05,,,941
,,,,,,,,,,1701.25,8.00E-05,,,942
,,,,,,,,,,1702.5,8.01E-05,,,943
,,,,,,,,,,1703.75,8.03E-05,,,944
,,,,,,,,,,1705,8.06E-05,,,945
,,,,,,,,,,1706.25,8.08E-05,,,946
,,,,,,,,,,1707.5,8.11E-05,,,947
,,,,,,,,,,1708.75,8.10E-05,,,948
,,,,,,,,,,1710,8.11E-05,,,949
,,,,,,,,,,1711.25,8.13E-05,,,950
,,,,,,,,,,1712.5,8.14E-05,,,951
,,,,,,,,,,1713.75,8.17E-05,,,952
,,,,,,,,,,1715,8.19E-05,,,953
,,,,,,,,,,1716.25,8.22E-05,,,954
,,,,,,,,,,1717.5,8.21E-05,,,955
,,,,,,,,,,1718.75,8.22E-05,,,956
,,,,,,,,,,1720,8.24E-05,,,957
,,,,,,,,,,1721.25,8.27E-05,,,958
,,,,,,,,,,1722.5,8.31E-05,,,959
,,,,,,,,,,1723.75,8.34E-05,,,960
,,,,,,,,,,1725,8.37E-05,,,961
,,,,,,,,,,1726.25,8.38E-05,,,962
,,,,,,,,,,1727.5,8.37E-05,,,963
,,,,,,,,,,1728.75,8.41E-05,,,964
,,,,,,,,,,1730,8.43E-05,,,965
,,,,,,,,,,1731.25,8.46E-05,,,966
,,,,,,,,,,1732.5,8.48E-05,,,967
,,,,,,,,,,1733.75,8.49E-05,,,968
,,,,,,,,,,1735,8.50E-05,,,969
,,,,,,,,,,1736.25,8.51E-05,,,970
,,,,,,,,,,1737.5,8.54E-05,,,971
,,,,,,,,,,1738.75,8.56E-05,,,972
,,,,,,,,,,1740,8.58E-05,,,973
,,,,,,,,,,1741.25,8.55E-05,,,974
,,,,,,,,,,1742.5,8.56E-05,,,975
,,,,,,,,,,1743.75,8.53E-05,,,976
,,,,,,,,,,1745,8.54E-05,,,977
,,,,,,,,,,1746.25,8.50E-05,,,978
,,,,,,,,,,1747.5,8.50E-05,,,979
,,,,,,,,,,1748.75,8.46E-05,,,980
,,,,,,,,,,1750,8.44E-05,,,981