Field_No_,Latitude,Longitude,UTM_E,UTM_N,Location_Area,Stratigraphy,Al_per,Ca_per,Fe_per,K_per,Mg_per,P_per,S_per,SO3_from_S,pct_alunite_from_SO3,pct_alunite_from_K2O,Si_per,Ti_per,Ag_ppm,As_ppm,B_ppm,Ba_ppm,Be_ppm,Bi_ppm,Cd_ppm,Ce_ppm,Co_ppm,Cr_ppm,Cs_ppm,Cu_ppm,Dy_ppm,Er_ppm,Eu_ppm,Ga_ppm,Gd_ppm,Ge_ppm,Hf_ppm,Ho_ppm,In_ppm,La_ppm,Li_ppm,Lu_ppm,Mn_ppm,Mo_ppm,Nb_ppm,Nd_ppm,Ni_ppm,Pb_ppm,Pr_ppm,Rb_ppm,Re_ppm,Sb_ppm,Sc_ppm,Se_ppm,Sm_ppm,Sn_ppm,Sr_ppm,Ta_ppm,Tb_ppm,Te_ppm,Th_ppm,Tl_ppm,Tm_ppm,U_ppm,V_ppm,W_ppm,Y_ppm,Yb_ppm,Zn_ppm,Zr_ppm,S_per_1,Al2O3_per,BaO_per,CaO_per,Cr2O3_per,Fe2O3_per,K2O_per,LOI_per,MgO_per,MnO_per,Na2O_per,P2O5_per,SiO2_per,SrO_per,TiO2_per,V2O5_per
AL24AR001,38.05109081,-113.6597354,266625.12,4214823.09,PV area,"Rhyolite tuffs and related clastic deposits, undivided",6.53,0.3,1.43,1.8,0.06,0.06,2.91,7.3,18.8,18.9,>30.0,0.21,-1,-5,-10,409,-5,0.2,-0.2,139,-0.5,30,0.3,-10,15.52,9.95,1.07,17,13.1,-1,5,3.29,-0.2,57.3,-10,1.36,27,-2,17,55.9,8,23,16.68,19.3,-0.02,0.4,6,-1,12.6,2,101,1.2,2.36,-0.05,23,-0.5,1.54,3.43,36,2,96.8,9.9,16,153,,12.75,0.05,0.25,-0.01,2.12,2.15,13.4546,0.12,-0.01,0.1,0.13,67.51,0.02,0.37,-0.01
AL24AR002,38.05188596,-113.6597654,266625.02,4214911.41,PV area,"Rhyolite tuffs and related clastic deposits, undivided",3.04,0.3,0.33,1.2,0.03,0.03,2.12,5.3,13.7,12.2,>30.0,0.08,-1,-5,-10,201,-5,0.5,-0.2,30.8,-0.5,48,0.4,-10,4.31,3.71,0.05,16,2.16,-1,9,1.02,-0.2,14.9,-10,0.83,40,13,90,10.4,11,28,3.28,22.1,-0.02,0.5,-5,-1,2,10,77,7.6,0.51,-0.05,41,-0.5,0.68,9.44,17,2,29,5.3,-5,130,,5.78,0.02,0.34,-0.01,0.49,1.39,7.65,0.08,0.01,0.09,0.06,82.81,0.01,0.13,-0.01
AL24AR003,38.05242861,-113.6587791,266713.3,4214969.16,PV area,"Rhyolite tuffs and related clastic deposits, undivided",7.45,0.6,0.72,3.2,0.02,0.03,5.83,14.6,37.7,31.8,26.9,0.03,-1,-5,-10,237,-5,0.3,-0.2,114,-0.5,35,0.3,-10,2.17,2.27,0.18,14,3.6,-1,4,0.57,-0.2,72.8,-10,0.5,15,36,40,22.7,12,53,8.92,33.2,-0.02,0.7,-5,-1,6.2,6,237,3.3,0.33,-0.05,44.1,-0.5,0.42,5.6,28,7,15.8,3.3,6,61.1,,14.43,0.03,0.7,-0.01,1.09,3.62,17.29,0.05,-0.01,0.31,0.08,58.83,0.03,0.05,-0.01
AL24AR004,38.05165263,-113.6574649,266826.16,4214879.74,PV area,"Rhyolite tuffs and related clastic deposits, undivided",2.73,0.4,0.07,1.2,0.03,-0.01,1.98,4.9,12.8,11.4,>30.0,0.03,-1,-5,-10,61,-5,0.3,-0.2,13.4,-0.5,39,0.7,-10,2.5,2.2,0.06,14,1.11,-1,7,0.59,-0.2,8.1,-10,0.44,43,7,75,4,8,18,1.28,21,-0.02,0.5,-5,-1,1.2,10,49,6.9,0.27,-0.05,27.4,-0.5,0.41,6.83,7,1,16,3,6,103,,5.18,-0.01,0.42,-0.01,0.09,1.3,6.87931,0.07,-0.01,0.1,0.02,84.35,-0.01,0.06,-0.01
AL24AR005,38.05078339,-113.6567917,266882.48,4214781.58,PV area,"Rhyolite tuffs and related clastic deposits, undivided",11.82,-0.1,0.03,5.2,-0.01,0.05,9.48,23.7,61.2,54.4,16.4,0.03,-1,-5,-10,235,-5,0.2,-0.2,49.6,-0.5,23,0.1,-10,1.08,1.05,-0.05,47,0.46,-1,5,0.28,-0.2,40.9,-10,0.27,-10,2,61,6,-5,134,3.07,22.8,-0.02,0.5,-5,-1,0.5,13,408,5,0.13,-0.05,20.3,-0.5,0.2,3.49,44,4,6.7,1.7,7,79.8,,23.16,0.03,0.07,-0.01,0.03,6.19,27.1346,0.01,-0.01,0.31,0.1,36.7,0.04,0.06,0.01
AL24AR006,38.05064902,-113.6554471,267000.06,4214763.29,PV area,Intracaldera member of Wah Wah Springs Formation,6.77,1.6,0.93,3.1,0.22,0.07,5.53,13.8,35.7,31.9,25,0.49,-1,-5,-10,617,-5,0.1,-0.2,86.5,0.5,44,-0.1,-10,2.66,1.83,0.78,15,2.65,-1,6,0.58,-0.2,42.7,-10,0.34,-10,4,9,27.3,8,26,8.57,7.2,-0.02,0.2,15,-1,3.8,1,541,-0.5,0.39,-0.05,17,-0.5,0.31,2.15,100,-1,14.2,2.1,-5,191,,13.15,0.06,2.2,0.01,1.34,3.63,16.67,0.38,-0.01,0.23,0.15,55.52,0.07,0.86,0.02
AL24AR007,38.05075317,-113.6542693,267103.75,4214771.9,PV area,Intracaldera member of Wah Wah Springs Formation,0.26,0.1,0.35,-0.1,-0.01,0.01,0.03,0.1,0.2,0.3,>30.0,0.27,-1,7,-10,72,-5,-0.1,-0.2,31,1.3,161,0.2,-10,2.29,1.6,0.15,1,1.7,-1,10,0.51,-0.2,13.7,-10,0.29,56,36,17,11.5,15,46,3.18,1.4,-0.02,1,-5,-1,2,1,45,0.9,0.3,-0.05,16.1,-0.5,0.25,4.38,34,4,14,1.8,-5,349,,0.52,0.01,0.08,0.01,0.35,0.03,0.43991,0.03,-0.01,0.02,0.03,97.86,-0.01,0.49,-0.01
AL24AR008,38.05013025,-113.6541422,267112.93,4214702.45,PV area,Intracaldera member of Wah Wah Springs Formation,0.2,0.2,0.26,0.1,-0.01,-0.01,0.01,0,0.1,0.4,>30.0,0.18,-1,7,-10,49,-5,-0.1,-0.2,10.2,0.8,97,0.2,-10,0.84,0.73,0.09,1,0.56,-1,6,0.2,-0.2,6.1,-10,0.17,50,23,11,3.4,11,18,0.93,1.9,-0.02,1,-5,-1,0.6,-1,13,0.6,0.1,-0.05,12.2,-0.5,0.14,3.28,24,6,6.1,1,-5,232,,0.4,-0.01,0.19,0.02,0.43,0.04,0.56006,0.03,-0.01,0.01,0.02,97.23,-0.01,0.32,-0.01
AL24AR009,38.05089252,-113.6577693,266797.04,4214796.15,PV area,"Rhyolite tuffs and related clastic deposits, undivided",3.2,0.9,0.06,1.5,0.01,0.02,2.39,6,15.4,14.2,>30.0,0.09,-1,6,12,172,-5,0.3,-0.2,43.9,-0.5,31,0.5,-10,2.2,1.86,0.07,15,1.11,-1,8,0.51,-0.2,22.6,-10,0.39,35,5,86,9.6,7,35,3.85,16.9,-0.02,0.5,-5,-1,1.1,11,94,6.1,0.28,-0.05,24.3,-0.5,0.35,9.32,16,3,14,2.6,-5,139,,6.16,0.02,1.28,-0.01,0.08,1.61,7.88079,0.05,-0.01,0.05,0.04,79.97,0.01,0.16,-0.01
AL24AR010,38.05155869,-113.6593713,266658.57,4214874.1,PV area,"Rhyolite tuffs and related clastic deposits, undivided",2.89,0.4,0.09,1.3,0.02,0.01,2.08,5.2,13.4,11.8,>30.0,0.06,-1,-5,-10,84,-5,0.4,-0.2,16.2,-0.5,40,0.3,-10,3.62,3.19,0.05,19,1.65,-1,9,0.87,-0.2,7.9,-10,0.75,41,9,89,5.2,10,27,1.62,17,-0.02,0.4,-5,-1,1.3,12,61,7.3,0.44,-0.05,41,-0.5,0.64,7.49,9,2,23.6,4.9,-5,137,,5.4,-0.01,0.4,-0.01,0.09,1.34,7.31,0.04,-0.01,0.07,0.02,84.04,0.01,0.11,-0.01
AL24AR011,38.05745553,-113.6953428,263520.73,4215619.54,Typhoid Spring area,Lund Formation,7.59,0.1,1.07,0.1,-0.01,0.07,0.11,0.3,0.7,0.7,>30.0,0.22,-1,-5,-10,495,-5,-0.1,-0.2,102,-0.5,41,0.3,-10,0.85,0.48,1.27,17,2.71,1,3,0.16,-0.2,45.4,-10,0.09,27,6,9,46.3,7,18,12.22,3.2,-0.02,0.3,5,-1,7.1,1,764,0.8,0.21,-0.05,19.7,-0.5,0.07,3.61,53,1,3.6,0.5,-5,112,,14.77,0.06,0.06,-0.01,1.57,0.08,5.80826,0.02,-0.01,0.02,0.15,76.63,0.09,0.4,0.01
AL24AR012,38.05734396,-113.6953487,263519.86,4215607.17,Typhoid Spring area,Lund Formation,7.38,0.7,4.28,0.3,0.04,0.06,0.49,1.2,3.2,2.5,>30.0,0.31,-1,6,-10,800,-5,0.1,-0.2,57.5,1.1,52,0.2,-10,1.36,0.86,0.55,21,1.67,1,5,0.31,-0.2,32.7,10,0.15,22,7,14,20.4,8,15,5.91,2.2,-0.02,0.4,6,-1,2.6,2,315,1.1,0.24,-0.05,12.4,-0.5,0.14,3.17,87,1,8,1,6,177,,13.21,0.09,0.87,-0.01,6.23,0.28,6.88931,0.09,-0.01,0.05,0.13,70.99,0.04,0.55,0.02
AL24AR013,38.06545087,-113.6419002,268235.66,4216372.13,Red Bird area,"Rhyolite tuffs and related clastic deposits, undivided",6.52,0.2,0.2,4.5,0.01,-0.01,0.01,0,0.1,48.5,>30.0,0.04,-1,7,12,-10,-5,0.2,-0.2,14.5,-0.5,15,3.1,-10,1.21,1.2,-0.05,24,0.62,2,9,0.34,-0.2,9.9,33,0.31,35,3,84,2.5,11,44,0.92,597,-0.02,0.3,-5,-1,0.5,5,12,6.8,0.16,-0.05,34.5,3.2,0.25,8.46,8,5,9.3,2,6,154,,12.07,-0.01,0.16,-0.01,0.29,5.51,1.54985,0.03,-0.01,1.64,-0.01,78.1,-0.01,0.08,-0.01
AL24AR014,38.06529597,-113.6421826,268210.39,4216355.64,Red Bird area,"Rhyolite tuffs and related clastic deposits, undivided?",6.67,0.2,0.26,4.8,0.01,-0.01,-0.01,0,-0.1,53.9,>30.0,0.05,-1,-5,14,-10,7,-0.1,-0.2,12.5,-0.5,11,4.9,-10,1.01,0.96,-0.05,25,0.67,2,9,0.26,-0.2,8.2,40,0.24,51,-2,92,3.5,6,33,1.15,675,-0.02,0.3,-5,-1,0.7,5,12,7.4,0.15,-0.05,12.5,2,0.18,9.27,-5,5,6.8,1.6,19,157,,12.65,-0.01,0.13,-0.01,0.39,6.13,1.33973,0.03,-0.01,1.99,-0.01,76.83,0.01,0.08,-0.01
AL24AR015,38.06491601,-113.6426791,268165.63,4216314.71,Red Bird area,Rhyolite member of Steamboat Mountain Formation,6.29,0.3,0.11,3.8,0.05,-0.01,0.04,0.1,0.3,41.3,>30.0,0.04,-1,-5,14,14,-5,-0.1,-0.2,14.3,-0.5,13,3,-10,1.11,1.11,-0.05,24,0.58,2,9,0.31,-0.2,10.1,15,0.29,41,-2,88,2.7,6,33,1,522,-0.02,0.3,-5,-1,0.4,6,18,7.1,0.14,-0.05,44.7,1.9,0.22,10.41,-5,4,7.1,1.9,11,149,,11.93,-0.01,0.4,-0.01,0.15,4.7,2.24933,0.1,0.01,1.76,-0.01,78.24,0.01,0.08,-0.01
AL24AR016,38.06537566,-113.6433053,268112.14,4216367.29,Red Bird area,Rhyolite member of Steamboat Mountain Formation,6.49,0.2,0.71,3.9,0.05,-0.01,0.02,0,0.1,42.6,>30.0,0.04,-1,-5,20,10,7,-0.1,-0.2,23.5,-0.5,15,3.8,-10,3.25,2.82,-0.05,25,1.48,2,9,0.81,-0.2,12.6,51,0.63,346,6,88,5.3,6,66,1.86,570,-0.02,0.4,-5,-1,1.3,7,-10,7.2,0.38,-0.05,84.2,4.5,0.55,12.26,-5,5,16.3,4.4,34,154,,12.08,-0.01,0.21,-0.01,1.04,4.84,0.86009,0.08,0.06,3.14,0.01,76.84,-0.01,0.08,-0.01
AL24AR017,38.06455044,-113.6438883,268058.38,4216277.16,Red Bird area,Rhyolite member of Steamboat Mountain Formation,6.5,0.2,0.17,3.7,0.04,-0.01,0.01,0,0.1,40.2,>30.0,0.04,-1,-5,14,10,-5,1.5,-0.2,17.2,-0.5,-10,3,-10,2.05,1.89,-0.05,26,1.07,2,9,0.52,-0.2,11.5,24,0.45,64,-2,90,3.9,6,36,1.32,516,-0.02,0.4,-5,-1,0.9,6,-10,7.3,0.25,-0.05,43.3,2.6,0.38,9.82,-5,4,12.6,3.1,11,156,,12.2,-0.01,0.22,-0.01,0.24,4.57,1.45971,0.07,0.01,2.46,0.01,78.01,-0.01,0.08,-0.01
AL24AR018,38.06410552,-113.6435971,268082.52,4216227.06,Red Bird area,Rhyolite member of Steamboat Mountain Formation?,7.14,0.9,0.12,-0.1,0.02,-0.01,0.01,0,0.1,0.3,>30.0,0.05,-1,13,-10,17,5,-0.1,-0.2,17.4,-0.5,16,0.8,-10,1.16,1.12,-0.05,27,0.63,2,10,0.3,-0.2,21.1,50,0.29,48,5,101,2.4,8,37,1.24,3.3,-0.02,0.7,-5,-1,0.5,17,28,8,0.13,-0.05,60.7,-0.5,0.22,12.96,7,6,10.2,1.8,18,164,,13.22,-0.01,1.16,-0.01,0.16,0.03,6.17938,0.05,-0.01,0.03,-0.01,78.68,-0.01,0.08,-0.01
AL24AR019,38.06297421,-113.645909,267876.09,4216107.28,Red Bird area,Rhyolite member of Steamboat Mountain Formation,3.87,0.2,0.03,0.2,0.01,-0.01,0.1,0.2,0.6,0.8,>30.0,0.09,-1,-5,-10,51,-5,0.7,-0.2,32,-0.5,21,2.7,-10,3.46,3.34,-0.05,12,1.42,-1,6,0.94,-0.2,23.9,-10,0.71,11,4,51,6.2,11,35,2.43,7.5,-0.02,0.4,-5,-1,1,6,61,3.7,0.38,-0.05,16.8,-0.5,0.61,5.26,-5,4,33.4,4.6,-5,152,,7.01,-0.01,0.08,-0.01,0.03,0.09,4.26829,0.05,-0.01,0.16,0.03,87.56,-0.01,0.17,-0.01
AL24AR020,38.06353942,-113.6462227,267850.35,4216170.79,Red Bird area,Rhyolite member of Steamboat Mountain Formation,6.87,0.5,0.12,0.4,0.03,-0.01,0.46,1.1,3,3,>30.0,0.04,-1,7,-10,13,-5,-0.1,-0.2,12.2,-0.5,14,1.2,-10,0.83,0.86,-0.05,28,0.51,2,8,0.22,-0.2,11,48,0.21,64,3,94,2.6,-5,54,0.98,12.3,-0.02,0.2,-5,-1,0.5,-1,26,7.5,0.11,-0.05,14.4,-0.5,0.15,11.21,-5,6,6.1,1.4,10,145,,12.8,0.01,0.54,-0.01,0.16,0.34,6.9707,0.06,-0.01,0.14,0.01,78.19,-0.01,0.07,-0.01
AL24AR021,38.06493485,-113.6452681,267938.52,4216323.27,Red Bird area,Rhyolite member of Steamboat Mountain Formation,7.11,0.2,0.7,0.1,0.01,-0.01,0.01,0,0.1,0.4,>30.0,0.04,-1,5,15,18,-5,0.1,-0.2,11.6,-0.5,22,1.2,-10,2.7,2.21,-0.05,28,1.61,1,9,0.67,-0.2,7.8,59,0.49,176,7,93,3.7,10,26,1.02,7.6,-0.02,0.3,-5,-1,1,5,12,7.3,0.35,-0.05,57.1,-0.5,0.41,10.92,-5,6,27.4,3.1,18,152,,13.09,-0.01,0.1,-0.01,1.01,0.05,5.34893,0.03,0.03,-0.01,0.01,79.76,-0.01,0.08,-0.01
AL24AR022,38.06425698,-113.6452728,267935.96,4216248.05,Red Bird area,Rhyolite member of Steamboat Mountain Formation,2.63,0.2,0.09,0.4,0.03,-0.01,0.64,1.6,4.1,4.4,>30.0,0.05,-1,-5,-10,18,-5,-0.1,-0.2,10.8,-0.5,19,0.9,-10,0.83,0.74,-0.05,19,0.48,-1,11,0.2,-0.2,10.9,44,0.18,58,3,113,2.1,7,38,0.73,12.7,-0.02,-0.1,-5,-1,0.5,3,19,9,0.1,-0.05,11.9,-0.5,0.14,13.73,-5,7,5.5,1.1,10,192,,5.18,-0.01,0.25,-0.01,0.14,0.5,5.05949,0.06,-0.01,0.19,-0.01,87.86,-0.01,0.09,-0.01
AL24AR023,38.06383053,-113.6453205,267930.44,4216200.85,Red Bird area,Rhyolite member of Steamboat Mountain Formation,5.85,0.3,0.06,0.1,0.03,-0.01,0.04,0.1,0.3,0.6,>30.0,0.05,-1,8,11,14,-5,0.2,-0.2,10.8,-0.5,11,2.1,-10,0.74,0.77,-0.05,31,0.43,2,10,0.21,-0.2,11.6,44,0.2,33,2,103,1.6,8,29,0.61,8.6,-0.02,0.2,-5,-1,0.3,3,23,8.1,0.09,-0.05,12.2,-0.5,0.15,10.79,-5,5,5.3,1.2,7,181,,11.09,-0.01,0.39,-0.01,0.07,0.07,4.94901,0.06,-0.01,0.08,-0.01,82.61,0.02,0.08,-0.01
AL25JM001,38.050637,-113.660114,266590.5,4214773.72,PV,"Rhyolite tuffs and related clastic deposits, undivided",6.82,2.9,0.24,0.5,0.3,0.05,1.41,3.5,9.1,5.2,>30.0,0.17,-1,-5,15,580,-5,0.2,-0.2,83.6,-0.5,15,0.1,-10,1.89,1.23,0.54,18,3.07,-1,6,0.4,-0.2,43.4,12,0.28,33,4,24,31.5,-5,21,9.74,3,-0.02,0.6,-5,-1,5.4,3,245,1.8,0.42,-0.05,22.8,-0.5,0.24,4.26,40,2,10,1.7,-5,166,,12.64,0.06,3.8,-0.01,0.33,0.59,11.9976,0.47,-0.01,0.19,0.11,68.02,0.04,0.29,0.01
AL25JM002,38.050219,-113.661691,266450.74,4214731.22,PV,"Rhyolite tuffs and related clastic deposits, undivided",3.79,-0.1,0.12,1.5,0.01,0.03,2.67,6.7,17.2,15,>30.0,0.19,-1,-5,-10,346,-5,0.2,-0.2,51.3,-0.5,45,0.4,-10,0.86,0.72,0.21,13,1.22,-1,5,0.2,-0.2,26.5,-10,0.19,12,10,12,18.4,10,15,5.84,18.7,-0.02,0.4,-5,-1,2.6,2,387,0.8,0.15,-0.05,27.2,-0.5,0.15,4.05,25,6,5.5,1.1,-5,158,,6.82,0.03,0.15,-0.01,0.15,1.7,9.15908,0.02,-0.01,0.12,0.06,80.97,0.04,0.31,-0.01
AL25JM003,38.049562,-113.662469,266380.4,4214660.25,PV,"Rhyolite tuffs and related clastic deposits, undivided",8.42,0.1,0.06,3.2,0.03,0.04,6.17,15.4,39.9,34.1,27.4,0.18,-1,6,-10,1041,-5,-0.1,-0.2,42.7,-0.5,27,0.9,-10,0.82,0.55,0.34,20,1.32,-1,4,0.16,-0.2,24.9,-10,0.12,20,4,10,13.8,-5,17,4.43,22,-0.02,0.9,-5,-1,2.2,1,258,0.8,0.17,-0.05,9.6,-0.5,0.09,1.48,53,1,4.2,0.6,-5,151,,16.11,0.13,0.24,-0.01,0.09,3.88,16.2084,0.06,0.01,0.42,0.12,58.66,0.03,0.33,-0.01
AL25JM004,38.049101,-113.663387,266298.36,4214611.41,PV,"Rhyolite tuffs and related clastic deposits, undivided",5.31,0.1,0.19,2.2,0.04,0.05,3.86,9.6,24.9,22.4,>30.0,0.27,-1,-5,-10,674,-5,-0.1,-0.2,52.3,-0.5,19,0.8,-10,1.2,0.81,0.33,16,1.44,-1,5,0.25,-0.2,30.9,-10,0.17,21,-2,13,16.6,5,20,5.52,11.7,-0.02,0.3,-5,-1,2.3,2,186,0.9,0.21,-0.05,13.6,-0.5,0.14,2.8,43,-1,6.9,1.1,-5,157,,9.8,0.09,0.21,-0.01,0.26,2.55,14.0672,0.06,-0.01,0.19,0.12,70.52,0.01,0.46,0.01
AL25JM005,38.048508,-113.664389,266208.47,4214548.17,PV,"Rhyolite tuffs and related clastic deposits, undivided",5.28,0.9,0.04,2.2,0.21,0.1,3.93,9.8,25.4,22.5,>30.0,0.24,-1,-5,-10,712,-5,0.1,-0.2,109,0.8,26,-0.1,-10,1.46,0.98,0.59,13,2.06,-1,6,0.34,-0.2,53.9,-10,0.21,185,2,13,39.8,9,20,12.96,7,-0.02,0.3,-5,-1,4.8,2,425,1,0.27,-0.05,24.2,-0.5,0.18,3.62,45,1,7.8,1.4,-5,196,,9.8,0.09,1.18,-0.01,0.05,2.56,14.1686,0.35,0.02,0.14,0.23,69.22,0.05,0.42,0.01
AL25JM006,38.047987,-113.665439,266114.68,4214492.95,PV,"Rhyolite tuffs and related clastic deposits, undivided",8.72,0.1,0.05,3.1,0.01,0.05,6.32,15.8,40.8,31.8,27.1,0.12,-1,11,-10,416,-5,0.1,-0.2,78.8,0.5,36,-0.1,-10,0.96,0.78,0.28,14,0.94,-1,4,0.21,-0.2,50.2,11,0.17,47,-2,13,15.7,15,24,6.89,62.8,-0.02,0.2,-5,-1,1.4,2,329,1,0.15,-0.05,42.4,-0.5,0.15,10.92,58,-1,5.7,1.2,6,107,,16.03,0.05,0.21,-0.01,0.06,3.61,19.7461,0.02,0.01,0.58,0.11,55.88,0.04,0.2,0.01
AL25JM007,38.047242,-113.666445,266024.04,4214412.79,PV,"Rhyolite tuffs and related clastic deposits, undivided",5.99,0.4,0.07,2,0.02,0.03,4.27,10.7,27.6,20.2,>30.0,0.08,-1,5,-10,406,-5,0.1,-0.2,58.6,-0.5,15,0.2,-10,1.11,1.01,0.54,11,2.21,1,3,0.31,-0.2,24.1,-10,0.25,33,2,21,34.7,-5,12,8.46,20,-0.02,0.2,-5,-1,8.4,3,147,1.7,0.19,-0.05,40.2,-0.5,0.21,5.71,36,1,7.6,1.6,-5,71.8,,11.16,0.04,0.57,-0.01,0.09,2.3,14.8156,0.04,0.01,0.54,0.08,68.35,-0.01,0.14,-0.01
AL25JM008,38.046458,-113.666683,266000.65,4214326.41,PV,"Rhyolite tuffs and related clastic deposits, undivided",5.41,0.8,0.09,1.9,0.05,0.02,4.41,11,28.5,19.3,>30.0,0.14,-1,-5,-10,459,-5,0.1,-0.2,37.3,-0.5,16,-0.1,-10,0.75,0.69,0.1,13,0.4,-1,5,0.19,-0.2,24.8,-10,0.19,-10,-2,17,5.8,-5,15,2.87,21.6,-0.02,0.2,-5,-1,0.6,2,139,1.3,0.09,-0.05,16.7,-0.5,0.14,4.27,19,1,4.9,1.1,-5,152,,10.09,0.08,1.15,-0.01,0.13,2.2,15.05,0.09,-0.01,0.71,0.05,67.52,0.02,0.25,-0.01
AL25JM009,38.045624,-113.666674,265998.77,4214233.88,PV,"Rhyolite tuffs and related clastic deposits, undivided",3.74,3.6,1.15,1.1,0.39,0.04,2.36,5.9,15.2,10.8,>30.0,0.18,-1,-5,12,318,-5,-0.1,-0.2,93.4,0.6,20,0.1,12,1.53,1.06,0.45,13,1.91,-1,4,0.33,-0.2,50.7,21,0.22,38,3,12,33.7,9,19,10.73,9.1,-0.02,0.3,-5,-1,4.1,2,257,0.8,0.26,-0.05,14,-0.5,0.21,4.36,32,2,8.8,1.6,-5,125,,6.97,0.04,4.7,-0.01,1.61,1.23,10.4979,0.61,-0.01,0.22,0.09,70.31,0.04,0.29,-0.01
AL25JM010,38.044971,-113.666441,266017.16,4214160.82,PV,"Rhyolite tuffs and related clastic deposits, undivided",7.85,0.6,0.19,3.2,0.11,0.06,6.05,15.1,39.1,33.4,26.9,0.24,-1,-5,-10,807,-5,0.1,-0.2,36.8,-0.5,26,-0.1,-10,1.52,1.17,0.27,13,1.28,-1,5,0.37,-0.2,21.1,-10,0.29,24,2,11,13.3,-5,14,4.22,12,-0.02,0.3,6,-1,2,1,251,0.8,0.21,-0.05,16.9,-0.5,0.24,4.61,85,2,9.6,2,-5,184,,14.57,0.09,0.86,-0.01,0.27,3.8,18.6644,0.17,-0.01,0.24,0.14,57.12,0.03,0.4,0.02
AL25MH002,38.04998,-113.661257,266488.02,4214703.66,PV,"Rhyolite tuffs and related clastic deposits, undivided",8.5,-0.1,0.12,3.5,-0.01,0.14,6.14,15.3,39.7,35.5,27.2,0.27,-1,-5,-10,559,-5,0.1,-0.2,194,-0.5,28,0.1,-10,8.92,5.15,2.16,29,13.51,-1,6,1.76,-0.2,85.9,-10,0.78,13,8,16,109,6,25,27.67,11.8,-0.02,0.5,-5,-1,23.8,2,1051,1.2,1.64,-0.05,37.5,-0.5,0.82,3.99,56,2,48.5,5.6,-5,188,,15.75,0.09,0.14,-0.01,0.16,4.04,18.9762,0.01,-0.01,0.18,0.33,56.45,0.11,0.46,0.01
AL25MH003,38.049167,-113.66217,266405.32,4214615.69,PV,"Rhyolite tuffs and related clastic deposits, undivided",6.68,0.7,0.27,2.6,0.05,0.06,4.91,12.3,31.7,25.4,>30.0,0.26,-1,-5,-10,663,-5,0.1,-0.2,66.4,-0.5,24,0.3,-10,2.14,1.3,0.76,15,3.1,-1,5,0.43,-0.2,30.2,-10,0.25,12,-2,13,31.4,-5,13,8.66,26.9,-0.02,0.3,-5,-1,5.8,1,255,0.9,0.39,-0.05,14.3,-0.5,0.24,2.21,51,-1,11.1,1.7,-5,150,,12.13,0.08,0.93,-0.01,0.37,2.89,15.4029,0.08,-0.01,0.27,0.14,64.72,0.04,0.43,-0.01
AL25MH004,38.048678,-113.662948,266335.54,4214563.44,PV,"Rhyolite tuffs and related clastic deposits, undivided",6.13,-0.1,0.07,2.4,-0.01,0.04,4.5,11.2,29.1,24.5,>30.0,0.2,-1,-5,-10,845,-5,-0.1,-0.2,33.3,-0.5,43,0.2,-10,2.99,1.68,0.54,11,2.93,-1,6,0.61,-0.2,17.6,-10,0.27,21,2,13,15.3,-5,14,4.17,33.5,-0.02,0.5,5,-1,2.8,2,161,1,0.51,-0.05,14.7,-0.5,0.25,3.01,35,-1,17.6,1.7,-5,190,,11.3,0.11,0.1,-0.01,0.1,2.78,14.3086,0.02,-0.01,0.24,0.09,68.23,0.02,0.35,-0.01
AL25MH005,38.047439,-113.664812,266167.95,4214430.57,PV,"Rhyolite tuffs and related clastic deposits, undivided",0.09,-0.1,0.06,-0.1,-0.01,0.01,0.03,0.1,0.2,0.1,>30.0,0.12,-1,-5,-10,292,-5,0.2,-0.2,2.3,-0.5,27,0.6,-10,0.76,0.67,-0.05,-1,0.37,-1,5,0.18,-0.2,1.1,-10,0.18,14,6,24,0.8,6,17,0.25,1.4,-0.02,0.3,-5,-1,0.2,3,29,1.8,0.09,-0.05,8.4,-0.5,0.14,4.56,-5,1,5.2,1.1,-5,126,,0.17,0.04,0.05,-0.01,0.09,0.01,0.42987,-0.01,-0.01,-0.01,0.03,99.3,-0.01,0.22,-0.01
AL25MH006,38.046923,-113.665909,266070.05,4214376.07,PV,"Rhyolite tuffs and related clastic deposits, undivided",8.15,1,0.04,2.5,0.14,0.03,5.51,13.8,35.6,25,28.4,0.07,-1,-5,-10,457,-5,0.3,-0.2,57.7,-0.5,13,0.4,-10,3.46,3.53,0.16,23,1.62,-1,6,0.92,-0.2,36.5,13,0.94,11,-2,52,14,7,21,5.23,27.3,-0.02,0.2,-5,-1,2.4,6,136,3.7,0.39,-0.05,27.3,-0.5,0.73,9.45,20,-1,22.4,6,7,125,,14.68,0.05,1.26,-0.01,0.04,2.84,18.13,0.22,-0.01,0.58,0.07,59.01,0.01,0.12,-0.01
AL25SM001,38.049805,-113.659139,266673.34,4214678.91,PV,"Rhyolite tuffs and related clastic deposits, undivided",4.67,0.6,0.07,1.6,0.03,0.02,3.04,7.6,19.6,16.9,>30.0,0.16,-1,-5,-10,480,-5,0.3,-0.2,40.3,0.5,23,0.2,-10,1.5,1.22,0.12,18,0.99,-1,6,0.37,-0.2,24.2,-10,0.28,13,4,33,11.9,7,22,4.22,10.5,-0.02,0.3,-5,-1,1.4,4,221,2.3,0.21,-0.05,22.3,-0.5,0.22,4.96,31,1,9.2,1.8,7,164,,8.6,0.06,0.83,-0.01,0.09,1.92,11.1589,0.04,-0.01,0.18,0.05,75.8,0.03,0.26,-0.01
AL25SM002,38.049508,-113.658218,266753.28,4214643.65,PV,"Rhyolite tuffs and related clastic deposits, undivided",7.29,0.2,2.69,2.8,0.03,0.11,5.77,14.4,37.3,27.3,28.2,0.32,-1,-5,11,790,-5,-0.1,-0.2,111,0.7,43,-0.1,-10,1.04,0.67,0.7,31,1.9,-1,5,0.21,-0.2,55,-10,0.14,32,4,11,27.9,7,17,10.78,12.7,-0.02,0.2,-5,-1,3.5,1,1104,0.7,0.22,-0.05,16.9,-0.5,0.11,5.05,116,-1,5.5,0.8,-5,165,,13.01,0.1,0.31,-0.01,3.62,3.1,17.8464,0.06,-0.01,0.47,0.25,58.14,0.12,0.52,0.02
AL25SM003,38.050544,-113.657736,266798.83,4214757.43,PV,"Rhyolite tuffs and related clastic deposits, undivided",4.33,0.1,0.03,1.9,-0.01,-0.01,3.13,7.8,20.2,18.2,>30.0,0.06,-1,-5,13,127,5,0.6,-0.2,26.9,-0.5,14,0.5,-10,1.24,1.13,-0.05,17,0.58,-1,8,0.31,-0.2,15.9,-10,0.26,27,2,98,5.8,5,35,2.5,13.4,-0.02,0.3,-5,-1,0.6,10,102,6.7,0.14,-0.05,21.3,-0.5,0.24,7.14,13,2,8.6,1.8,5,134,,7.9,0.02,0.21,-0.01,0.03,2.07,10.3079,0.02,-0.01,0.08,0.02,77.71,0.01,0.1,-0.01
AL25SM004,38.049376,-113.657508,266815.13,4214627.23,PV,"Rhyolite tuffs and related clastic deposits, undivided",7.35,0.2,1.02,0.7,-0.01,0.03,2.26,5.6,14.6,7.1,>30.0,0.36,-1,5,-10,681,-5,-0.1,-0.2,101,-0.5,11,0.2,-10,3.03,2.11,0.96,20,3.2,-1,10,0.71,-0.2,53.5,12,0.41,18,-2,19,35.8,9,40,11.18,7.4,-0.02,0.2,10,-1,4.9,2,124,1.1,0.48,-0.05,19.2,-0.5,0.39,3.55,50,2,18.3,2.6,-5,378,,13.45,0.07,0.34,-0.01,1.37,0.81,10.6368,-0.01,-0.01,0.19,0.07,71.74,0.02,0.59,-0.01
AL25SM005,38.049993,-113.656316,266921.69,4214692.72,PV,"Rhyolite tuffs and related clastic deposits, undivided",0.43,0.1,0.96,0.1,0.03,-0.01,0.18,0.4,1.2,1.2,>30.0,0.27,-1,49,-10,56,-5,-0.1,-0.2,26.5,-0.5,27,0.3,-10,1.79,1.34,0.09,3,1.49,-1,8,0.42,-0.2,14.9,-10,0.24,26,7,14,10.6,11,68,3.08,2.2,-0.02,0.7,-5,-1,1.8,1,37,0.8,0.25,-0.05,17.9,-0.5,0.2,4.12,15,2,11.6,1.5,-5,305,,0.79,-0.01,0.2,-0.01,1.41,0.14,1.24963,0.03,-0.01,0.03,0.02,95.59,-0.01,0.49,-0.01
AL25AR001,38.050392,-113.660222,266580.18,4214746.75,PV,"Rhyolite tuffs and related clastic deposits, undivided",3.62,0.1,0.03,1.5,0.03,0.02,2.55,6.4,16.5,15.8,>30.0,0.06,-1,-5,-10,180,-5,0.5,-0.2,9,-0.5,-10,0.3,-10,2.67,2.52,0.06,23,1.11,-1,9,0.72,-0.2,6.2,-10,0.64,27,3,92,2.6,5,24,0.89,10.3,-0.02,0.6,-5,-1,0.8,12,67,8,0.31,-0.05,27.6,-0.5,0.52,8.41,16,1,19,4.1,-5,142,,6.77,0.03,0.2,-0.01,0.03,1.8,9.89,0.05,-0.01,0.08,0.06,80.17,0.02,0.1,-0.01
AL25AR002,38.049326,-113.660359,266564.78,4214628.8,PV,"Rhyolite tuffs and related clastic deposits, undivided",9.29,-0.1,0.03,3.7,0.02,0.05,6.64,16.6,42.9,38.6,25.5,0.15,-1,-5,-10,855,-5,0.2,-0.2,35.9,-0.5,17,-0.1,-10,1.22,1.14,0.12,21,0.58,-1,6,0.32,-0.2,24.1,13,0.26,10,-2,26,7.3,-5,25,3.12,14.6,-0.02,0.3,-5,-1,0.7,4,411,2,0.15,-0.05,19.6,-0.5,0.22,4.36,44,-1,8.2,1.8,8,166,,17.4,0.1,0.13,-0.01,0.03,4.39,20.5738,0.03,-0.01,0.2,0.1,53.19,0.05,0.25,0.01
AL25AR003,38.049173,-113.661018,266506.45,4214613.46,PV,"Rhyolite tuffs and related clastic deposits, undivided",5.32,-0.1,0.03,2.1,-0.01,0.02,3.76,9.4,24.3,21.3,>30.0,0.3,-1,-5,-10,498,-5,-0.1,-0.2,51.3,-0.5,27,0.1,-10,1.06,0.95,0.16,14,0.81,-1,6,0.26,-0.2,28.7,-10,0.22,-10,3,14,14.8,-5,16,5.4,8.9,-0.02,0.4,-5,-1,1.6,2,209,1,0.15,-0.05,19,-0.5,0.17,2.12,33,2,6.7,1.3,-5,203,,9.8,0.05,0.1,-0.01,0.03,2.42,12.4275,0.02,-0.01,0.15,0.06,72.74,0.02,0.52,-0.01
AL25AR004,38.048345,-113.662041,266414.06,4214524.2,PV,"Rhyolite tuffs and related clastic deposits, undivided",7.37,0.3,0.81,2.9,0.03,0.27,5.35,13.4,34.6,28.8,29,0.32,-1,-5,-10,824,6,0.1,-0.2,93.3,-0.5,48,0.1,-10,2.75,1.34,1.07,17,4.16,-1,7,0.5,-0.2,52.7,-10,0.21,17,4,14,34.4,6,21,10.54,13.1,-0.02,0.6,-5,-1,5.5,2,325,0.9,0.56,-0.05,16.9,-0.5,0.22,6.01,67,1,12,1.4,-5,224,,13.67,0.09,0.41,-0.01,1.11,3.28,17.4065,0.05,-0.01,0.27,0.6,60.36,0.04,0.54,-0.01
AL25AR005,38.0474,-113.662127,266403.48,4214419.46,PV,"Rhyolite tuffs and related clastic deposits, undivided",4.78,-0.1,0.04,1.9,0.03,0.01,3.57,8.9,23.1,18.9,>30.0,0.24,-1,-5,-10,524,-5,-0.1,-0.2,13.9,-0.5,27,-0.1,-10,1.52,1.17,0.23,18,1.08,-1,5,0.34,-0.2,8.8,-10,0.22,11,3,16,4.7,5,12,1.44,13.3,-0.02,0.2,-5,-1,0.9,2,195,1.1,0.21,-0.05,9.5,-0.5,0.18,2.81,31,1,9.7,1.3,-5,178,,8.83,0.06,0.13,-0.01,0.05,2.15,11.2566,0.05,-0.01,0.2,0.03,75.69,-0.01,0.38,-0.01
AL25AR005_near,38.0474,-113.662127,266403.48,4214419.46,PV,"Rhyolite tuffs and related clastic deposits, undivided",1.8,-0.1,0.08,0.7,0.02,0.02,1.31,3.3,8.5,7.4,>30.0,0.17,-1,-5,16,1332,-5,0.4,-0.2,39.8,-0.5,21,-0.1,-10,0.92,0.8,0.15,11,0.64,-1,3,0.22,-0.2,19.4,-10,0.18,23,2,16,13.6,9,105,4.68,5,-0.02,0.4,-5,-1,1.2,2,109,1.1,0.13,-0.05,17.4,-0.5,0.16,4.35,18,1,6.1,1.1,6,103,,3.36,0.16,0.08,-0.01,0.11,0.84,5.87824,0.02,-0.01,0.08,0.04,89.15,0.02,0.29,-0.01
AL25AR006,38.046619,-113.66246,266371.77,4214333.6,PV,"Rhyolite tuffs and related clastic deposits, undivided",7.86,0.2,0.52,3,0.02,0.1,5.74,14.3,37.1,30.4,28.3,0.24,-1,-5,-10,499,-5,-0.1,-0.2,60.3,-0.5,28,0.2,-10,1.27,0.83,0.51,16,1.45,-1,6,0.27,-0.2,30.7,-10,0.16,14,-2,16,38.1,5,15,9.24,89.7,-0.02,0.4,5,-1,4.2,2,411,1.1,0.21,-0.05,16.9,-0.5,0.14,3.46,46,1,7,1.1,7,197,,14.37,0.06,0.33,-0.01,0.72,3.46,19.4242,0.03,0.01,0.3,0.22,58.57,0.04,0.39,-0.01
AL25TB001,38.049394,-113.661371,266476.17,4214638.88,PV,"Rhyolite tuffs and related clastic deposits, undivided",4.68,-0.1,0.03,1.8,-0.01,0.03,3.6,9,23.3,17.7,>30.0,0.11,-1,6,-10,308,-5,0.2,-0.2,52.9,-0.5,16,0.3,-10,1,0.66,0.12,15,0.88,-1,4,0.2,-0.2,31.7,-10,0.15,-10,2,18,11.7,-5,38,4.51,44.4,-0.02,0.6,-5,-1,1.3,2,247,1.2,0.17,-0.05,13.1,-0.5,0.13,3.3,18,-1,5.9,1,7,114,,8.89,0.03,0.13,-0.01,0.02,2.01,12.0276,-0.01,-0.01,0.31,0.08,75.45,0.02,0.19,-0.01
AL25TB002,38.048904,-113.661971,266422.02,4214586.06,PV,"Rhyolite tuffs and related clastic deposits, undivided",4.44,0.1,0.04,1.7,0.02,0.03,3.17,7.9,20.5,17.2,>30.0,0.34,-1,-5,-10,861,-5,0.1,-0.2,85.8,-0.5,25,0.1,-10,1.1,0.71,0.29,17,1.14,-1,5,0.23,-0.2,47.9,-10,0.17,-10,3,14,22,-5,25,8.1,9.3,-0.02,0.6,6,-1,2.2,2,193,0.9,0.18,-0.05,16.4,-0.5,0.14,2.7,47,1,6.3,1,-5,198,,8.31,0.1,0.14,-0.01,0.05,1.96,12.13,0.03,-0.01,0.14,0.07,75.67,0.02,0.56,0.01
AL25TB003,38.048423,-113.662566,266368.26,4214534.17,PV,"Rhyolite tuffs and related clastic deposits, undivided",2.55,-0.1,0.08,1,0.01,0.04,1.84,4.6,11.9,10.2,>30.0,0.28,-1,-5,-10,404,6,0.1,-0.2,39.3,-0.5,18,0.3,-10,1.57,1.14,0.39,20,2.22,-1,5,0.35,-0.2,26.2,-10,0.22,14,2,18,12.7,-5,16,3.77,9.7,-0.02,0.6,-5,-1,2.7,3,172,1.1,0.29,-0.05,18.9,-0.5,0.21,2.74,17,-1,11.4,1.5,-5,196,,4.87,0.04,0.07,-0.01,0.1,1.16,7.83843,0.01,-0.01,0.09,0.08,85.02,0.02,0.48,-0.01
AL25TB004,38.047828,-113.663218,266309.15,4214469.75,PV,"Rhyolite tuffs and related clastic deposits, undivided",1.2,0.4,0.02,0.5,0.03,0.04,0.87,2.2,5.6,4.6,>30.0,0.33,-1,-5,-10,521,-5,0.1,-0.2,40.9,-0.5,17,0.1,-10,0.81,0.67,0.21,3,0.82,-1,7,0.19,-0.2,25.4,-10,0.16,-10,-2,17,12.7,-5,28,4.06,3.4,-0.02,0.6,-5,-1,1.4,2,112,1.1,0.12,-0.05,9,-0.5,0.15,3.03,13,1,6.4,1.1,-5,269,,2.27,0.07,0.58,-0.01,0.02,0.52,3.86154,0.03,-0.01,0.06,0.08,91.95,0.01,0.56,-0.01
AL25TB009,38.029327,-113.604348,271418.19,4212269.96,Mountain Spring Peak,Rhyolite member of Steamboat Mountain Formation,7.08,0.2,0.37,2.9,0.01,-0.01,5.57,13.9,36,26.9,>30.0,0.02,-1,-5,-10,18,-5,-0.1,-0.2,10,-0.5,13,0.6,-10,1.76,1.81,-0.05,26,0.76,-1,8,0.47,-0.2,9.1,-10,0.4,46,5,108,2.5,7,25,0.77,111,-0.02,0.3,-5,-1,0.7,3,28,9.1,0.21,-0.05,19.8,-0.5,0.37,12.12,-5,6,9.3,3,24,126,,12.89,-0.01,0.28,-0.01,0.49,3.06,15.9968,0.02,-0.01,0.41,0.03,63.21,0.01,0.04,-0.01
AL25TB010,38.028705,-113.60451,271402,4212201.42,Mountain Spring Peak,Rhyolite member of Steamboat Mountain Formation,10.03,-0.1,0.06,4,0.04,-0.01,7.67,19.2,49.5,39.2,24.2,0.02,-1,-5,-10,46,6,-0.1,-0.2,16.4,-0.5,15,0.6,-10,1.65,2.08,-0.05,25,0.62,-1,8,0.5,-0.2,9.7,-10,0.67,26,-2,97,2.2,9,43,1.14,95.8,-0.02,0.5,-5,-1,0.5,9,82,7.9,0.19,-0.05,82.7,-0.5,0.49,19.62,-5,5,11.3,4.1,27,128,,18.39,-0.01,0.12,-0.01,0.08,4.46,22.7814,0.06,-0.01,0.55,0.02,49.34,0.01,0.04,-0.01
AL25TB011,38.028238,-113.60456,271396.15,4212149.61,Mountain Spring Peak,Rhyolite member of Steamboat Mountain Formation,1.12,-0.1,0.24,0.3,-0.01,-0.01,0.63,1.6,4.1,3.3,>30.0,0.02,-1,-5,-10,-10,-5,-0.1,-0.2,3.7,-0.5,43,0.2,-10,0.65,0.55,-0.05,9,0.28,-1,7,0.15,-0.2,2.9,-10,0.2,15,9,86,0.8,9,72,0.26,8.1,-0.02,0.5,-5,-1,0.2,2,-10,6.6,0.07,-0.05,5.5,-0.5,0.14,11.89,-5,5,6.1,1.3,-5,121,,2.12,-0.01,0.12,-0.01,0.33,0.37,2.72891,-0.01,-0.01,-0.01,-0.01,95.73,-0.01,0.03,-0.01
AL25TB012,38.028944,-113.60519,271343.03,4212229.62,Mountain Spring Peak,Rhyolite member of Steamboat Mountain Formation,18.36,-0.1,0.04,7.7,-0.01,0.01,14.236,35.5,91.9,82.5,2,0.02,-1,7,-10,73,-5,-0.1,-0.2,19.3,-0.5,-10,0.4,-10,0.25,0.33,-0.05,210,0.11,-1,6,0.08,-0.2,26,-10,0.11,-10,2,83,0.9,-5,244,0.73,58.8,-0.02,-0.1,-5,-1,-0.1,4,122,5.6,-0.05,-0.05,6,-0.5,0.07,6.15,6,5,1,0.8,-5,89.5,14.236,34.94,0.02,0.12,-0.01,0.06,9.38,40.7978,-0.01,0.01,0.71,0.03,4.06,0.01,0.04,-0.01
AL25TB013,38.029914,-113.604184,271434.37,4212334.79,Mountain Spring Peak,"Rhyolite tuffs and related clastic deposits, undivided",6.04,0.3,0.4,2.5,0.03,0.05,4.58,11.4,29.6,25.2,>30.0,0.28,-1,-5,-10,595,7,4,-0.2,68.6,-0.5,22,0.3,-10,2.46,1.57,0.64,17,3.69,-1,6,0.5,-0.2,36.9,-10,0.32,25,4,16,27.8,-5,24,7.85,28.3,-0.02,1.5,-5,-1,5.1,2,167,1.1,0.48,-0.05,19.5,-0.5,0.29,4.3,49,3,15.2,2.3,-5,214,,11.4,0.07,0.44,-0.01,0.55,2.86,15.4823,0.05,-0.01,0.23,0.12,66.83,0.02,0.46,0.01
AL25TB014,38.028198,-113.605601,271304.66,4212147.79,Mountain Spring Peak,Rhyolite member of Steamboat Mountain Formation,15.07,0.1,0.02,5.9,-0.01,0.01,11.519,28.8,74.4,62.4,10.8,0.01,-1,-5,-10,16,-5,-0.1,-0.2,39.5,-0.5,-10,0.4,-10,0.18,0.21,-0.05,56,0.09,-1,3,-0.05,-0.2,39.2,-10,-0.1,-10,-2,31,2.5,5,62,1.95,28.9,-0.02,-0.1,-5,-1,0.1,2,142,2,-0.05,-0.05,5.3,-0.5,-0.05,3.03,6,2,1.1,0.5,-5,41.1,11.519,28.23,-0.01,0.21,-0.01,0.01,7.09,33.5433,-0.01,-0.01,0.85,0.02,21.81,-0.01,0.02,-0.01
AL25TB015,38.028392,-113.605278,271333.61,4212168.55,Mountain Spring Peak,Rhyolite member of Steamboat Mountain Formation,7.37,-0.1,0.03,2.7,-0.01,0.01,5.82,14.5,37.6,26.6,29.1,0.03,-1,-5,-10,13,-5,-0.1,-0.2,19.2,-0.5,14,0.2,-10,0.57,0.57,-0.05,60,0.23,-1,9,0.16,-0.2,18.3,-10,0.17,16,4,112,1.4,7,156,0.96,25,-0.02,0.1,-5,-1,0.2,3,54,8.1,0.07,-0.05,30.3,-0.5,0.14,16.74,-5,6,3.2,1.1,-5,139,,13.99,-0.01,0.06,-0.01,0.02,3.03,17.6618,-0.01,-0.01,0.63,0.03,61.41,-0.01,0.05,-0.01
AL25TB016,38.029471,-113.604769,271381.65,4212287.07,Mountain Spring Peak,Rhyolite member of Steamboat Mountain Formation,5.51,-0.1,0.09,2.5,-0.01,-0.01,4.47,11.2,28.9,24.9,>30.0,0.02,-1,7,-10,35,6,-0.1,-0.2,4.2,-0.5,12,0.5,-10,0.52,0.62,-0.05,24,0.24,2,6,0.14,-0.2,4.9,-10,0.28,14,3,87,0.8,5,57,0.28,49.4,-0.02,-0.1,-5,-1,0.2,3,31,6.5,0.07,-0.05,14.5,-0.5,0.15,9.32,-5,4,4.3,1.6,21,103,,10.53,-0.01,0.06,-0.01,0.13,2.83,13.7486,-0.01,-0.01,0.17,0.01,70.91,-0.01,0.03,-0.01
AL25TB017,38.029761,-113.605184,271346.15,4212320.19,Mountain Spring Peak,Rhyolite member of Steamboat Mountain Formation,4.76,0.3,0.17,1,0.02,0.01,3.43,8.6,22.2,9.5,>30.0,0.02,-1,-5,-10,13,-5,-0.1,-0.2,29.6,-0.5,13,0.4,-10,0.49,0.66,-0.05,29,0.17,-1,6,0.15,-0.2,23.6,-10,0.18,15,4,94,1.8,6,46,1.46,124,-0.02,0.1,-5,-1,0.1,5,62,6.6,0.06,-0.05,8.5,-0.5,0.14,8.89,-5,5,2.5,1.2,-5,102,,8.97,-0.01,0.45,-0.01,0.23,1.08,12.1676,0.02,-0.01,0.78,0.03,75.27,-0.01,0.03,-0.01
AL25TB018,38.02935,-113.60608,271266.15,4212276.87,Mountain Spring Peak,Rhyolite member of Steamboat Mountain Formation,7.01,0.9,0.38,2.3,0.02,0.05,5.41,13.5,34.9,22.4,29,0.27,-1,-5,-10,748,-5,0.2,-0.2,71.3,-0.5,22,0.1,-10,1.96,1.12,0.94,15,3.98,-1,5,0.34,-0.2,40.5,-10,0.21,11,2,15,31.6,-5,23,8.47,164,-0.02,0.3,-5,-1,5.5,2,194,1,0.45,-0.05,28,-0.5,0.2,5.41,46,2,10,1.5,-5,188,,13.51,0.08,1.17,-0.01,0.53,2.55,18.1918,0.03,-0.01,0.47,0.11,60.95,0.02,0.45,-0.01
AL25TB019,38.036898,-113.593434,272399.68,4213083.39,Mountain Spring East,Rhyolite member of Steamboat Mountain Formation,7.91,0.2,0.9,1.2,0.03,-0.01,1.77,4.4,11.4,12.3,>30.0,0.05,-1,-5,13,19,-5,-0.1,-0.2,34.1,-0.5,-10,2,-10,1.02,0.92,-0.05,25,0.4,1,8,0.26,-0.2,6.1,60,0.19,326,7,86,1,-5,36,0.36,19.1,-0.02,-0.1,-5,-1,0.3,3,32,6.8,0.13,-0.05,47.5,-0.5,0.16,10.7,-5,7,8.7,1.3,31,155,,15.07,-0.01,0.22,-0.01,1.25,1.4,11.8276,0.04,0.04,0.06,-0.01,69.49,-0.01,0.09,-0.01
AL25TB020,38.037181,-113.593079,272431.74,4213113.97,Mountain Spring East,Rhyolite member of Steamboat Mountain Formation,6.63,0.2,0.77,2.9,0.05,-0.01,-0.01,0,-0.1,31.1,>30.0,0.05,-1,-5,12,23,6,-0.1,-0.2,24.8,-0.5,-10,4.7,-10,1.48,1.2,-0.05,23,0.76,2,8,0.38,-0.2,6.6,63,0.28,933,6,80,2.3,-5,50,0.75,379,-0.02,0.3,-5,-1,0.7,8,19,6.4,0.21,-0.05,43.8,4.8,0.25,11.37,-5,5,8.5,1.9,32,145,,12.9,-0.01,0.19,-0.01,1.06,3.54,4.33,0.08,0.13,0.93,-0.01,76.95,-0.01,0.08,-0.01
AL25TB021,38.036506,-113.593591,272384.68,4213040.31,Mountain Spring East,Rhyolite member of Steamboat Mountain Formation,7.09,-0.1,0.75,2.8,-0.01,0.01,4.73,11.8,30.6,29,>30.0,0.04,-1,-5,-10,22,-5,-0.1,-0.2,4.3,-0.5,-10,1.5,-10,0.26,0.28,-0.05,24,0.22,-1,7,0.08,-0.2,4.3,43,-0.1,157,11,73,0.9,-5,41,0.29,12,-0.02,-0.1,-5,-1,0.2,3,55,5.7,-0.05,-0.05,11.4,-0.5,0.06,8.41,-5,5,2.2,0.6,16,133,,13.44,0.01,0.11,-0.01,1.05,3.3,17.96,0.01,0.02,0.1,0.03,62.49,0.02,0.07,-0.01
AL25AR017,38.044794,-113.665171,266128.06,4214137.96,PV,"Rhyolite tuffs and related clastic deposits, undivided",4.22,0.5,0.71,1.7,0.05,0.07,3.13,7.8,20.2,16.4,>30.0,0.24,-1,-5,14,537,-5,-0.1,-0.2,161,-0.5,21,0.2,-10,6.4,3.98,1.1,12,7.11,-1,5,1.35,-0.2,57.1,12,0.6,17,4,14,101,-5,20,25.43,12.2,-0.02,0.6,5,-1,14.9,2,492,0.9,1.09,0.24,48.4,-0.5,0.67,5.26,32,2,39.6,4.4,-5,192,,7.96,0.06,0.66,-0.01,0.99,1.86,11.3266,0.09,-0.01,0.16,0.14,76,0.06,0.39,-0.01
AL25AR018,38.044868,-113.665082,266136.13,4214145.97,PV,"Rhyolite tuffs and related clastic deposits, undivided",4.88,0.2,0.04,1.9,0.05,0.05,3.76,9.4,24.3,18.5,>30.0,0.13,-1,-5,-10,177,-5,-0.1,-0.2,88.8,-0.5,18,0.1,-10,1.47,1.33,0.11,14,1.01,-1,5,0.35,-0.2,57.1,-10,0.3,14,-2,20,17.4,-5,19,7.24,17,-0.02,0.3,-5,-1,1.4,3,238,1.5,0.2,-0.05,22.5,-0.5,0.23,5.2,22,2,9.3,2,-5,156,,9.22,0.02,0.3,-0.01,0.08,2.1,11.8241,0.09,0.01,0.29,0.11,74.38,0.04,0.23,-0.01
AL25AR019,38.045125,-113.664501,266187.89,4214173.02,PV,"Rhyolite tuffs and related clastic deposits, undivided",5.16,0.4,0.1,2.1,0.03,0.04,3.99,10,25.8,20.1,>30.0,0.24,-1,-5,-10,426,-5,-0.1,-0.2,85.1,-0.5,24,-0.1,-10,1.86,1.34,0.36,12,2.05,-1,5,0.41,-0.2,48.8,-10,0.27,14,3,16,25.6,6,18,8.49,14.1,-0.02,0.4,5,-1,3,2,311,1.1,0.31,-0.05,19.4,-0.5,0.23,4.9,50,2,11.3,1.7,-5,178,,9.75,0.04,0.56,-0.01,0.16,2.28,12.5462,0.06,-0.01,0.19,0.09,72.49,0.03,0.4,-0.01
AL25AR020,38.045453,-113.663932,266238.9,4214207.92,PV,"Rhyolite tuffs and related clastic deposits, undivided",3.94,0.5,0.17,0.9,0.02,0.03,2.59,6.5,16.7,8.4,>30.0,0.28,-1,-5,-10,302,-5,-0.1,-0.2,77.7,-0.5,24,-0.1,-10,9.14,6.09,0.8,15,4.81,-1,9,2.04,-0.2,42.6,-10,0.8,-10,2,19,26.8,-5,9,8.34,20.4,-0.02,0.3,8,-1,3.9,2,205,1.2,1.18,-0.05,19.3,-0.5,0.92,3.41,21,1,60.4,5.8,-5,390,,7.36,0.05,0.63,-0.01,0.24,0.95,9.35,0.03,-0.01,0.37,0.06,80.71,0.01,0.45,-0.01
AL25AR021,38.045571,-113.664435,266195.16,4214222.27,PV,"Rhyolite tuffs and related clastic deposits, undivided",7.39,0.4,0.54,3,0.07,0.08,5.56,13.9,35.9,30.3,28,0.25,-1,8,-10,805,-5,-0.1,-0.2,129,0.8,40,0.2,-10,4.04,2.54,1.41,17,5.86,-1,5,0.84,-0.2,67.6,-10,0.42,49,5,13,55.7,14,26,15.17,31.8,-0.02,0.4,6,-1,9.5,2,365,1,0.74,-0.05,19.3,-0.5,0.4,4.01,48,2,23.6,2.9,-5,197,,13.99,0.09,0.47,-0.01,0.73,3.45,17.2317,0.13,0.01,0.27,0.19,60.21,0.03,0.41,0.02
AL25AR022,38.046056,-113.664817,266163.12,4214277.09,PV,"Rhyolite tuffs and related clastic deposits, undivided",6,-0.1,0.05,2.7,-0.01,0.02,4.69,11.7,30.3,25.9,>30.0,0.1,-1,-5,-10,594,-5,-0.1,-0.2,31.3,-0.5,22,0.1,-10,0.51,0.4,0.11,12,0.69,-1,2,0.13,-0.2,19.9,-10,-0.1,-10,2,9,8.2,5,20,2.79,16.5,-0.02,0.8,-5,-1,1.1,1,197,0.7,0.09,-0.05,7,-0.5,0.06,3.35,23,2,3.8,0.5,-5,77.7,,11.24,0.07,0.05,-0.01,0.06,2.95,14.2629,-0.01,-0.01,0.15,0.05,68.9,0.02,0.15,-0.01
AL25AR023,38.045965,-113.665489,266103.88,4214268.69,PV,"Rhyolite tuffs and related clastic deposits, undivided",8.28,0.1,0.09,3.3,-0.01,0.02,6.34,15.8,40.9,33.3,26.1,0.05,-1,-5,-10,173,-5,0.3,-0.2,50.7,-0.5,11,0.4,-10,0.71,0.71,-0.05,20,0.29,-1,6,0.18,-0.2,32.6,-10,0.19,-10,6,64,9.1,6,43,3.96,64.4,-0.02,0.4,-5,-1,0.7,8,273,5.5,0.08,-0.05,21.9,-0.5,0.15,10.26,26,3,4.7,1.3,-5,112,,15.7,0.03,0.16,-0.01,0.12,3.79,21.7578,0.01,-0.01,0.45,0.04,56.34,0.04,0.08,-0.01
AL25AR039,38.039364,-113.595933,272187.96,4213363.26,Mountain Spring East area,"Rhyolite tuffs and related clastic deposits, undivided",6.39,0.1,1.28,2.8,0.01,0.02,4.7,11.7,30.4,29,29,0.08,-1,6,-10,183,-5,0.9,-0.2,33.1,-0.5,-10,1.4,-10,2.96,3.33,-0.05,39,1.37,-1,11,0.84,-0.2,31.6,-10,0.81,50,-2,122,5.4,-5,73,2.28,32,-0.02,0.5,-5,-1,0.9,15,101,8.8,0.35,-0.05,52,-0.5,0.63,2.53,10,3,36.2,5.2,5,189,,12.04,0.02,0.15,-0.01,1.86,3.3,17.3535,0.03,-0.01,0.2,0.05,63.16,0.01,0.14,-0.01
AL25AR040,38.039168,-113.595933,272187.34,4213341.49,Mountain Spring East area,"Rhyolite tuffs and related clastic deposits, undivided",7.99,0.2,1.01,0.1,0.03,-0.01,0.03,0.1,0.2,0.9,>30.0,0.06,-1,8,-10,27,-5,0.7,-0.2,64.6,-0.5,-10,1.6,-10,6.58,5.13,0.06,28,4.55,1,9,1.52,-0.2,28.1,12,0.9,551,4,119,15.5,6,42,5.07,8.7,-0.02,0.3,-5,-1,4.1,14,21,8.4,0.95,-0.05,94.4,2.1,0.86,2.93,10,2,47,6.2,9,164,,15.16,-0.01,0.23,-0.01,1.46,0.1,7.39926,0.05,0.07,0.06,0.02,75.47,-0.01,0.1,-0.01
AL25AR041,38.040728,-113.597383,272064.96,4213518.19,Mountain Spring East area,Rhyolite member of Steamboat Mountain Formation,7.72,-0.1,0.16,3.4,-0.01,-0.01,5.62,14,36.3,35.3,26.5,0.04,-1,-5,-10,13,-5,-0.1,-0.2,3.8,-0.5,-10,0.5,-10,0.17,0.25,-0.05,20,0.14,-1,6,0.08,-0.2,4.5,42,-0.1,41,2,60,0.6,-5,39,0.26,42.2,-0.02,-0.1,-5,-1,0.1,1,32,4.6,-0.05,-0.05,10.6,-0.5,0.06,5.72,6,4,1.4,0.5,13,116,,14.94,-0.01,0.11,-0.01,0.24,4.01,19.904,0.02,-0.01,0.19,0.01,58,-0.01,0.06,-0.01
Al25AR042,38.082371,-113.633612,269016.19,4218229.28,Luk Group area,Rhyolite member of Steamboat Mountain Formation,2.74,-0.1,0.07,1.1,0.01,-0.01,1.66,4.1,10.7,9.9,>30.0,0.2,-1,-5,-10,606,-5,2.5,-0.2,8.7,-0.5,-10,-0.1,-10,0.12,0.15,-0.05,1,0.22,-1,2,-0.05,-0.2,4.2,-10,-0.1,-10,7,12,2.7,-5,47,0.91,9.8,-0.02,0.4,-5,-1,0.4,6,26,-0.5,-0.05,0.13,2.8,-0.5,-0.05,1.46,5,4,1.2,0.2,-5,68.1,,5.01,0.07,0.1,-0.01,0.09,1.12,6.61735,0.02,-0.01,0.12,0.02,85.49,-0.01,0.33,-0.01
Al25AR043,38.082305,-113.633251,269047.59,4218221.09,Luk Group area,Rhyolite member of Steamboat Mountain Formation,1.77,0.8,0.05,0.8,0.04,0.04,1.13,2.8,7.3,7.1,>30.0,0.5,-1,-5,-10,776,-5,0.5,-0.2,8.8,-0.5,18,0.1,-10,0.87,0.85,0.07,-1,0.56,-1,6,0.23,-0.2,5,-10,0.18,23,3,20,3.1,11,16,0.91,5,-0.02,0.8,-5,-1,0.6,4,29,1.3,0.1,-0.05,12.4,-0.5,0.15,3.33,17,7,6.3,1.1,-5,213,,3.21,0.09,1.12,-0.01,0.06,0.81,4.86049,0.08,-0.01,0.04,0.08,88.66,-0.01,0.8,-0.01
Al25AR044,38.082719,-113.630864,269258.26,4218261.06,Luk Group area,Rhyolite member of Steamboat Mountain Formation,5.73,0.3,0.61,3.8,0.03,-0.01,0.02,0,0.1,39.3,>30.0,0.05,-1,-5,-10,-10,8,-0.1,-0.2,86.1,-0.5,-10,4.3,-10,31.86,17.24,0.07,21,23.24,1,7,6.08,-0.2,61.8,40,2.61,79,9,66,55.4,-5,32,15.55,448,-0.02,0.2,-5,2,16.5,1,10,5.3,4.77,-0.05,47.2,1.8,2.69,11.57,-5,5,146,17.8,26,147,,10.59,-0.01,0.36,-0.01,0.88,4.47,2.19912,0.04,0.01,1.24,0.01,80.19,-0.01,0.08,-0.01
Al25AR045,38.08162,-113.630903,269251.42,4218139.26,Luk Group area,Rhyolite member of Steamboat Mountain Formation,0.14,-0.1,0.12,-0.1,-0.01,0.02,0.07,0.2,0.5,0.3,>30.0,0.92,-1,-5,-10,1902,-5,0.1,-0.2,134,-0.5,31,0.1,37,60.94,46.15,0.1,-1,19.61,-1,8,13.91,-0.2,37.2,-10,7.86,11,15,46,85,6,72,26.17,2.2,-0.02,1,-5,4,19.1,11,17,2,6.84,0.22,3.8,-0.5,7.86,6.53,21,17,483,56.5,-5,325,,0.26,0.21,0.05,-0.01,0.17,0.03,0.64968,0.02,-0.01,0.02,0.05,97.05,-0.01,1.53,-0.01
Al25AR046,38.048031,-113.662379,266383.41,4214490.2,PV,"Rhyolite tuffs and related clastic deposits, undivided",4.29,-0.1,0.16,1.6,0.01,0.04,3.02,7.5,19.5,15.4,>30.0,0.22,-1,-5,-10,559,-5,-0.1,-0.2,52.3,-0.5,26,-0.1,-10,1.4,0.82,0.45,13,2.4,-1,5,0.28,-0.2,25.9,-10,0.17,15,3,9,20.7,6,15,6.08,12.6,-0.02,0.3,-5,-1,3.8,1,148,0.7,0.31,-0.05,17.2,-0.5,0.14,2.03,40,-1,7.1,1.1,7,187,,8,0.07,0.08,-0.01,0.21,1.75,11.1267,0.02,-0.01,0.32,0.09,76.9,0.02,0.37,-0.01
Al25AR047,38.047622,-113.662557,266366.44,4214445.16,PV,"Rhyolite tuffs and related clastic deposits, undivided",12.4,-0.1,0.09,5.4,0.01,0.04,8.74,21.8,56.5,53.2,17.1,0.35,-1,-5,-10,1422,-5,-0.1,-0.2,72.1,-0.5,45,0.1,-10,0.85,0.67,0.23,30,0.86,-1,4,0.22,-0.2,48.2,-10,0.13,-10,2,10,15.5,-5,27,6.14,21.8,-0.02,0.4,14,-1,1.6,1,359,0.7,0.14,-0.05,13.7,-0.5,0.12,2.59,108,-1,5.3,0.9,13,151,,22.59,0.17,0.13,-0.01,0.11,6.05,27.09,0.02,-0.01,0.36,0.1,36.99,0.04,0.58,0.02
Al25AR048,38.046611,-113.662835,266338.89,4214333.74,PV,"Rhyolite tuffs and related clastic deposits, undivided",3.18,0.2,0.05,0.8,-0.01,0.04,2.17,5.4,14,7.3,>30.0,0.32,-1,-5,-10,550,-5,-0.1,-0.2,97.6,-0.5,14,0.2,-10,1.51,1.33,0.45,10,1.33,-1,7,0.37,-0.2,42.1,-10,0.28,-10,-2,16,39.3,-5,8,12.38,46.7,-0.02,0.4,-5,-1,3.6,2,242,1.2,0.23,-0.05,15.5,-0.5,0.23,4.03,29,1,10,1.7,-5,262,,5.85,0.06,0.33,-0.01,0.07,0.83,11.4246,0.02,-0.01,0.15,0.09,79.84,0.03,0.56,-0.01
Al25AR049,38.046506,-113.663461,266283.58,4214323.62,PV,"Rhyolite tuffs and related clastic deposits, undivided",11.29,0.2,0.76,4.3,-0.01,0.1,8.24,20.6,53.2,42.4,18.6,0.26,-1,6,-10,758,-5,0.1,-0.2,133,-0.5,31,0.1,-10,1.21,0.92,0.33,35,1.37,-1,6,0.29,-0.2,112,-10,0.19,-10,-2,13,19.8,-5,32,8.72,42.2,-0.02,0.5,-5,-1,2.1,2,960,0.9,0.19,-0.05,23.5,-0.5,0.16,4.35,62,-1,7.6,1.1,-5,225,,20.94,0.09,0.31,-0.01,1.08,4.82,26.37,-0.01,-0.01,0.69,0.23,39.91,0.09,0.42,0.01
Al25AR050,38.046445,-113.663901,266244.79,4214317.97,PV,"Rhyolite tuffs and related clastic deposits, undivided",7.93,0.2,0.07,2.2,0.02,0.07,5.51,13.8,35.6,22.3,27.1,0.26,-1,-5,-10,1096,-5,0.1,-0.2,169,-0.5,27,0.1,-10,1.97,1.73,0.33,30,1.35,-1,7,0.51,-0.2,117,-10,0.35,-10,-2,16,37.4,-5,22,13.77,83.1,-0.02,0.3,-5,-1,3.1,2,454,1.1,0.29,-0.05,50.2,-0.5,0.3,6.51,43,-1,13.5,2.4,-5,252,,14.73,0.12,0.25,-0.01,0.09,2.54,19.5341,0.04,-0.01,0.92,0.16,59.02,0.05,0.44,-0.01
Al25AR051,38.045366,-113.66509,266136.96,4214201.2,PV,"Rhyolite tuffs and related clastic deposits, undivided",6.28,-0.1,0.05,2.1,0.01,0.04,4,10,25.8,20.5,>30.0,0.15,-1,-5,-10,435,-5,0.2,-0.2,114,-0.5,15,0.1,-10,1.99,1.58,0.39,13,2.22,-1,5,0.46,-0.2,53.4,-10,0.35,-10,-2,22,43.4,-5,21,13.36,16.2,-0.02,0.2,-5,-1,5.5,3,285,1.6,0.35,-0.05,36.9,-0.5,0.29,7.16,24,-1,10.6,2.2,6,176,,11.73,0.05,0.11,-0.01,0.06,2.33,14.6956,0.03,-0.01,0.49,0.1,68.41,0.02,0.25,-0.01
Al25AR062,38.064391,-113.643959,268051.68,4216259.68,Red Bird,Rhyolite member of Steamboat Mountain Formation,6.64,0.1,0.12,-0.1,-0.01,0.02,-0.01,0,-0.1,0.5,>30.0,0.05,-1,-5,10,-10,-5,0.7,-0.2,8.7,-0.5,-10,2.4,-10,2.09,2.07,-0.05,31,0.77,2,10,0.56,-0.2,10.9,20,0.51,55,2,110,1.6,-5,24,0.66,16.8,-0.02,0.4,-5,-1,0.5,7,-10,8.7,0.23,-0.05,35.8,1.2,0.42,9.51,-5,6,11,3.2,8,189,,12.71,-0.01,0.11,-0.01,0.16,0.06,5.59888,0.01,-0.01,0.14,0.06,81.42,-0.01,0.09,-0.01
Al25AR063,38.064666,-113.643449,268097.24,4216288.88,Red Bird,Rhyolite member of Steamboat Mountain Formation,6.8,-0.1,0.14,0.1,-0.01,-0.01,-0.01,0,-0.1,0.6,>30.0,0.06,-1,-5,-10,-10,-5,-0.1,-0.2,10,-0.5,-10,2,-10,2.68,2.56,-0.05,29,0.97,2,10,0.69,-0.2,8.6,18,0.56,42,3,104,2,-5,23,0.73,19.5,-0.02,0.3,-5,-1,0.7,7,-10,8.2,0.29,-0.05,51,-0.5,0.5,9.09,-5,6,12.7,3.7,7,205,,12.92,-0.01,0.06,-0.01,0.19,0.07,5.55778,0.01,0.01,0.15,-0.01,80.7,-0.01,0.09,-0.01
Al25AR064,38.064217,-113.643024,268133.19,4216238.01,Red Bird,Rhyolite member of Steamboat Mountain Formation,5.93,-0.1,0.08,0.1,0.02,-0.01,0.01,0,0.1,0.4,>30.0,0.04,-1,13,-10,-10,-5,0.1,-0.2,5.4,-0.5,-10,0.5,-10,0.96,0.9,-0.05,24,0.54,2,8,0.24,0.2,4.4,47,0.21,41,3,80,1.3,-5,10,0.44,4.4,-0.02,5.7,-5,-1,0.4,627,-10,6.8,0.11,-0.05,11.6,-0.5,0.18,8.76,-5,4,4.8,1.3,9,145,,11.17,-0.01,0.07,-0.01,0.12,0.05,5.11846,0.04,0.01,0.04,0.01,83.04,-0.01,0.07,-0.01
Al25AR065,38.063707,-113.644852,267971.11,4216186.01,Red Bird,Rhyolite member of Steamboat Mountain Formation,6.72,0.1,0.03,0.3,0.05,-0.01,0.32,0.8,2.1,2.2,>30.0,0.05,-1,-5,11,-10,-5,-0.1,-0.2,3.5,-0.5,-10,1,-10,2.47,2.58,-0.05,29,0.65,2,9,0.65,-0.2,3.5,28,0.5,21,-2,99,0.8,8,44,0.28,6.5,-0.02,0.2,-5,-1,0.3,9,12,8.1,0.24,-0.05,19.7,-0.5,0.45,9.53,-5,5,9.4,3.4,-5,168,,12.89,-0.01,0.1,-0.01,0.03,0.25,6.46741,0.09,-0.01,0.07,-0.01,79.85,-0.01,0.09,-0.01
Al25AR066,38.06337,-113.644709,267982.6,4216148.19,Red Bird,Rhyolite member of Steamboat Mountain Formation,6.85,0.3,0.08,0.2,0.03,-0.01,0.15,0.4,1,1.1,>30.0,0.05,-1,-5,-10,19,-5,-0.1,-0.2,2.6,-0.5,-10,1.5,-10,1.33,1.5,-0.05,28,0.45,2,8,0.37,-0.2,1.4,-10,0.43,21,-2,90,0.6,-5,12,0.17,6.6,-0.02,0.4,-5,-1,0.2,12,20,7.6,0.14,-0.05,19.6,-0.5,0.31,8.36,-5,4,5.9,2.5,-5,156,,13.23,-0.01,0.39,-0.01,0.1,0.13,6.77,0.05,-0.01,0.09,-0.01,79.36,-0.01,0.08,-0.01
AL25TB024,38.044665,-113.665772,266074.9,4214125.1,PV,"Rhyolite tuffs and related clastic deposits, undivided",8.63,0.6,0.4,2.8,0.07,0.07,5.68,14.2,36.7,28.1,24.9,0.29,-1,-5,12,545,-5,0.2,-0.2,86.4,-0.5,35,0.2,-10,2.66,1.72,0.72,20,2.91,-1,5,0.56,-0.2,50,12,0.3,-10,-2,15,35,13,37,9.74,52.5,-0.02,0.4,8,-1,5.3,2,774,1.5,0.43,-0.05,21,-0.5,0.28,5.54,61,2,15.2,2,-5,183,,16.09,0.06,0.89,-0.01,0.56,3.2,21.9678,0.13,-0.01,0.89,0.17,53.51,0.09,0.48,0.01
AL25TB025,38.044931,-113.665164,266129.06,4214153.16,PV,"Rhyolite tuffs and related clastic deposits, undivided",3.37,1,0.14,1.4,0.14,0.03,2.43,6.1,15.7,14,>30.0,0.26,-1,-5,-10,516,-5,-0.1,-0.2,23,-0.5,20,0.1,-10,2.31,2.07,0.23,10,1.42,-1,7,0.6,-0.2,14.2,-10,0.46,20,-2,15,7.1,5,11,2.22,10.8,-0.02,0.4,-5,-1,1.2,2,92,1.1,0.32,-0.05,11.4,-0.5,0.38,4.24,26,1,15.5,2.8,-5,249,,6.3,0.07,1.39,-0.01,0.18,1.59,9.85197,0.23,-0.01,0.18,0.07,78.98,0.01,0.44,-0.01
AL25TB026,38.04505,-113.665839,266070.24,4214168.03,PV,"Rhyolite tuffs and related clastic deposits, undivided",7.35,0.1,0.07,2.8,0.02,0.03,4.78,11.9,30.9,27.5,29.6,0.18,-1,-5,-10,926,-5,0.2,-0.2,96.5,-0.5,15,0.1,-10,1.79,1.53,0.21,16,1.04,-1,5,0.45,-0.2,52.9,-10,0.32,-10,-2,12,33.1,-5,24,10.55,16.2,-0.02,0.3,5,-1,2.5,2,162,0.9,0.24,-0.05,39.3,-0.5,0.27,5.47,41,-1,11.8,1.9,-5,198,,13.66,0.12,0.18,-0.01,0.09,3.13,16.9366,0.04,-0.01,0.3,0.06,63.46,0.01,0.3,-0.01
AL25TB027,38.045391,-113.665965,266060.27,4214206.24,PV,"Rhyolite tuffs and related clastic deposits, undivided",4.86,0.1,0.08,2.1,0.03,0.05,3.35,8.4,21.6,19.9,>30.0,0.23,-1,-5,-10,382,-5,0.1,-0.2,132,-0.5,11,0.2,-10,2.24,1.07,1.21,12,9.09,-1,4,0.39,-0.2,58.1,-10,0.17,-10,-2,14,59,7,16,16,8,-0.02,0.3,-5,-1,15.8,2,428,1.1,0.7,-0.05,30,-0.5,0.18,6.87,19,1,10.1,1.1,-5,157,,8.87,0.04,0.18,-0.01,0.1,2.26,11.7165,0.06,-0.01,0.14,0.11,75.21,0.05,0.37,-0.01
AL25TB038,38.038796,-113.595869,272191.83,4213300.08,Mountain Spring East area,Rhyolite member of Steamboat Mountain Formation,6.51,0.2,0.6,4,0.05,-0.01,0.08,0.2,0.5,41.9,>30.0,0.05,-1,-5,13,11,10,-0.1,-0.2,32.1,-0.5,-10,4.6,-10,2.84,2.01,-0.05,24,1.43,2,8,0.63,-0.2,7.7,68,0.37,357,3,81,1.9,-5,36,0.68,491,-0.02,0.1,-5,-1,0.9,6,-10,6.4,0.39,-0.05,69.2,2,0.34,9.9,-5,5,16.3,2.5,44,156,,12.11,-0.01,0.3,-0.01,0.85,4.76,1.56937,0.09,0.04,2.71,0.01,77.09,-0.01,0.09,-0.01
AL25TB039,38.039135,-113.595884,272191.55,4213337.74,Mountain Spring East area,"Rhyolite tuffs and related clastic deposits, undivided",8.92,0.2,1.03,3.4,0.06,0.02,5.26,13.1,34,35.2,25,0.04,-1,34,-10,130,-5,0.7,-0.2,22.3,-0.5,-10,1.3,-10,1.34,1.3,-0.05,34,0.6,-1,8,0.38,-0.2,20.2,12,0.32,57,5,101,3.5,-5,74,1.66,22,-0.02,0.2,-5,-1,0.5,12,163,7.3,0.17,-0.05,27.7,-0.5,0.27,3,12,2,11,2.1,5,132,,16.82,0.02,0.23,-0.01,1.47,4,21.9334,0.1,0.01,0.18,0.04,53.45,0.02,0.06,-0.01
Al25TB040,38.082796,-113.633931,268989.48,4218277.29,Luk Group area,Rhyolite member of Steamboat Mountain Formation,0.14,-0.1,0.02,0.1,-0.01,-0.01,0.07,0.2,0.5,0.4,>30.0,0.59,-1,12,22,165,-5,1.1,-0.2,1.1,-0.5,13,-0.1,-10,0.21,0.21,-0.05,-1,0.1,-1,5,0.05,-0.2,0.6,-10,0.07,-10,2,11,0.4,-5,6,0.09,0.8,-0.02,0.6,-5,-1,-0.1,2,13,1.6,-0.05,-0.05,2,-0.5,-0.05,3.45,-5,2,1.6,0.3,8,207,,0.24,0.01,0.05,-0.01,0.02,0.05,6.23813,-0.01,-0.01,0.03,-0.01,92.3,-0.01,0.95,-0.01
Al25TB041,38.082878,-113.632982,269073.04,4218284,Luk Group area,Rhyolite member of Steamboat Mountain Formation,6.4,-0.1,0.44,0.1,-0.01,-0.01,0.14,0.3,0.9,0.7,>30.0,0.05,-1,-5,12,-10,-5,0.1,-0.2,6.7,-0.5,-10,1.9,-10,4.11,4.78,-0.05,24,1.61,2,8,1.17,-0.2,2.8,15,1.19,22,8,75,3.2,-5,12,0.87,11.3,-0.02,0.3,-5,-1,1.1,8,-10,6.6,0.42,-0.05,43.3,-0.5,0.94,13.51,-5,3,14.2,7.9,8,165,,12.29,-0.01,0.04,-0.01,0.65,0.08,6.37936,-0.01,0.01,0.04,-0.01,80.27,-0.01,0.08,-0.01
Al25TB042,38.082593,-113.631959,269161.88,4218249.79,Luk Group area,Rhyolite member of Steamboat Mountain Formation,5.99,0.5,0.35,4.8,0.21,-0.01,0.06,0.1,0.4,51.5,>30.0,0.05,-1,-5,16,35,8,-0.1,-0.2,131,-0.5,-10,5.5,-10,13.04,9.66,0.06,23,10.93,2,7,2.83,-0.2,61.3,27,1.67,78,-2,70,52.6,-5,43,15.19,622,-0.02,0.2,-5,-1,12.9,4,22,6.1,1.9,-0.05,51.1,1.5,1.58,18.34,-5,3,85.9,11.4,29,150,,11.58,-0.01,0.63,-0.01,0.48,5.86,2.01919,0.37,0.01,2.08,0.02,76.45,-0.01,0.09,-0.01
Al25TB043,38.047403,-113.663723,266263.43,4214423.82,PV,"Rhyolite tuffs and related clastic deposits, undivided",5.38,0.1,0.03,2.3,0.01,0.05,4.22,10.5,27.3,23.7,>30.0,0.21,-1,7,-10,774,-5,-0.1,-0.2,44.7,-0.5,22,0.1,-10,1.05,0.73,0.5,14,2.32,-1,4,0.22,-0.2,22.8,-10,0.14,13,2,10,21.3,-5,43,5.38,11.4,-0.02,0.3,-5,-1,5,1,499,0.7,0.18,-0.05,21.3,-0.5,0.12,2.8,32,1,6.1,0.8,-5,132,,10.4,0.1,0.13,-0.01,0.03,2.7,13.3773,0.03,-0.01,0.19,0.11,70.66,0.04,0.36,0.01
Al25TB044,38.046886,-113.664253,266215.25,4214367.78,PV,"Rhyolite tuffs and related clastic deposits, undivided",0.16,0.1,0.02,-0.1,0.03,-0.01,0.04,0.1,0.3,0.1,>30.0,0.31,-1,-5,-10,681,-5,0.1,-0.2,2.2,0.8,22,-0.1,-10,0.46,0.51,-0.05,-1,0.19,-1,5,0.14,-0.2,1.1,-10,0.12,26,-2,15,0.7,6,22,0.2,1.6,-0.02,0.6,-5,-1,0.1,2,37,1.1,-0.05,-0.05,7.5,-0.5,0.1,5.02,8,2,3.4,0.8,-5,206,,0.32,0.07,0.15,-0.01,0.03,0.01,0.86965,0.04,-0.01,0.01,0.01,98.14,0.02,0.58,-0.01
Al25TB045,38.046546,-113.664756,266170.03,4214331.36,PV,"Rhyolite tuffs and related clastic deposits, undivided",0.07,-0.1,0.02,-0.1,-0.01,-0.01,0.01,0,0.1,0.1,>30.0,0.16,-1,-5,-10,42,-5,0.1,-0.2,1.9,-0.5,12,0.1,-10,0.19,0.21,-0.05,-1,0.08,-1,3,-0.05,-0.2,1,-10,-0.05,-10,6,32,0.5,-5,24,0.16,0.9,-0.02,0.8,-5,-1,-0.1,3,-10,0.8,-0.05,-0.05,2.1,-0.5,-0.05,2.35,6,7,1.3,0.3,-5,111,,0.12,-0.01,0.05,0.01,0.05,0.01,0.64994,-0.01,-0.01,-0.01,-0.01,99.32,-0.01,0.26,-0.01
Al25TB046,38.045757,-113.665126,266135.03,4214244.75,PV,"Rhyolite tuffs and related clastic deposits, undivided",5.45,0.2,0.15,2.4,0.01,0.03,4.19,10.5,27.1,23.8,>30.0,0.14,-1,-5,-10,366,-5,0.1,-0.2,43.8,-0.5,17,0.1,-10,0.98,0.58,0.19,12,1.27,-1,4,0.18,-0.2,24.1,-10,0.11,-10,-2,15,14.5,-5,16,4.48,20.2,-0.02,0.3,-5,-1,2.4,2,212,1.1,0.17,-0.05,8,-0.5,0.1,2.49,22,5,5.3,0.7,8,130,,10.31,0.03,0.2,-0.01,0.2,2.71,13.486,0.03,-0.01,0.17,0.07,71.12,0.03,0.24,-0.01
Al25TB047,38.045905,-113.666091,266050.89,4214263.53,PV,"Rhyolite tuffs and related clastic deposits, undivided",4.28,0.2,0.1,1.5,0.07,0.05,3.21,8,20.7,15,>30.0,0.2,-1,-5,-10,523,-5,0.2,-0.2,86.8,-0.5,15,0.2,-10,2.76,2.05,0.37,15,3.79,-1,5,0.56,-0.2,47.1,-10,0.45,49,3,22,25.3,-5,18,8.34,54.6,-0.02,0.4,-5,-1,5.2,3,204,1.8,0.47,-0.05,26,-0.5,0.39,6.68,18,2,14.9,3,6,171,,8.14,0.05,0.28,-0.01,0.14,1.7,11.3877,0.12,-0.01,0.36,0.11,76.66,0.02,0.34,-0.01
Al25TB055,38.063954,-113.643862,268058.81,4216210.87,Red Bird,Rhyolite member of Steamboat Mountain Formation,5.06,0.4,0.07,3.5,0.03,-0.01,0.01,0,0.1,38.2,>30.0,0.04,-1,10,-10,18,7,-0.1,-0.2,13.1,-0.5,-10,4.5,-10,2.92,2.37,-0.05,21,1.46,2,7,0.65,0.3,9.3,46,0.42,40,-2,66,3.5,-5,33,1.18,466,-0.02,11.9,-5,-1,1.2,231,14,6.3,0.36,-0.05,60.4,1,0.37,11.49,-5,4,21.5,2.8,8,138,,9.99,-0.01,0.54,-0.01,0.1,4.34,1.61935,0.06,0.01,2.09,-0.01,81.34,0.01,0.07,-0.01
Al25TB056,38.064689,-113.644221,268029.6,4216293.41,Red Bird,Rhyolite member of Steamboat Mountain Formation,6.84,0.2,0.93,1,0.05,-0.01,0.02,0,0.1,10.7,>30.0,0.05,-1,-5,12,16,-5,0.1,-0.2,14.9,-0.5,-10,3.2,-10,3.12,2.54,-0.05,27,1.64,1,9,0.69,-0.2,4.2,69,0.54,382,4,97,4.4,-5,17,1.25,143,-0.02,0.4,-5,-1,1.5,8,15,8.4,0.39,-0.05,68.1,1.2,0.45,12.46,7,5,15.4,3.9,82,173,,13.34,-0.01,0.23,-0.01,1.32,1.22,5.23895,0.07,0.05,0.46,0.02,78,-0.01,0.09,-0.01
Al25TB057,38.064953,-113.644188,268033.35,4216322.54,Red Bird,Rhyolite member of Steamboat Mountain Formation,6.86,0.2,0.09,0.1,0.06,-0.01,0.07,0.2,0.5,1,>30.0,0.05,-1,6,13,16,-5,1.3,-0.2,13.3,-0.5,-10,1.9,-10,1.45,1.23,-0.05,27,0.85,2,9,0.33,0.3,12.2,43,0.24,41,2,100,3.3,-5,27,1.2,11.6,-0.02,0.3,-5,-1,0.8,12,21,8.2,0.2,-0.05,32.8,1.5,0.2,10.78,-5,7,8.6,1.6,10,176,,13.36,-0.01,0.19,-0.01,0.12,0.11,6.24,0.1,-0.01,0.07,0.01,79.99,-0.01,0.09,-0.01
Al25TB058,38.064304,-113.64457,267997.82,4216251.53,Red Bird,Rhyolite member of Steamboat Mountain Formation,7.64,-0.1,0.09,-0.1,0.01,-0.01,0.01,0,0.1,0.4,>30.0,0.05,-1,-5,14,-10,-5,0.2,-0.2,5.9,-0.5,-10,0.6,-10,1.55,1.71,-0.05,30,0.58,2,10,0.42,0.2,4,60,0.44,20,3,107,1.5,-5,28,0.52,3.2,-0.02,1.4,-5,-1,0.4,10,-10,9,0.16,-0.05,10.7,0.6,0.33,9.34,-5,6,12.2,2.9,9,187,,14.61,-0.01,0.08,-0.01,0.13,0.04,5.94,0.02,-0.01,0.05,-0.01,79.16,-0.01,0.09,-0.01
Al25AR080,38.049581,-113.659575,266634.3718,4214655.116,PV,"Rhyolite tuffs and related clastic deposits, undivided",3.41,0.2,0.06,1.3,-0.01,0.04,2.32,5.8,15,12.8,>30.0,0.24,-1,15,-10,580,-5,0.2,-0.2,104,-0.5,21,0.4,-10,2.48,1.92,0.82,17,5,-1,5,0.55,-0.2,54.6,-10,0.37,12,4,14,44.1,-5,21,12.29,11,-0.02,0.4,-5,-1,8.3,2,417,1.2,0.47,-0.05,32.2,-0.5,0.33,3.35,37,1,14.8,2.4,-5,185,,6.39,0.07,0.21,-0.01,0.08,1.45,8.45831,0.02,-0.01,0.14,0.09,82.34,0.04,0.41,-0.01
Al25AR081,38.048993,-113.658988,266684.0682,4214588.397,PV,"Rhyolite tuffs and related clastic deposits, undivided",4.88,0.3,1.05,1.2,0.02,0.04,3.17,7.9,20.5,11.9,>30.0,0.25,-1,-5,-10,1250,-5,-0.1,-0.2,72.8,-0.5,31,-0.1,-10,1.21,0.75,0.94,12,2.78,-1,3,0.25,-0.2,37.1,-10,0.14,16,2,6,27.5,-5,9,7.94,12.7,-0.02,0.2,13,-1,3.6,-1,385,0.5,0.29,-0.05,11,-0.5,0.12,2.12,69,-1,6.4,0.9,-5,127,,8.98,0.15,0.33,-0.01,1.44,1.35,11.3989,0.03,-0.01,0.33,0.1,74.7,0.05,0.42,0.02
Al25AR082,38.049009,-113.659216,266664.0728,4214590.732,PV,"Rhyolite tuffs and related clastic deposits, undivided",9.36,0.4,1.96,2.6,0.03,0.08,5.99,15,38.7,25.5,26.5,0.32,-1,5,-10,1258,-5,-0.1,-0.2,57.8,-0.5,20,0.2,-10,0.85,0.56,0.56,16,1.62,-1,5,0.18,-0.2,30.4,-10,0.1,13,-2,10,21.2,9,17,6.3,34.8,-0.02,0.2,-5,1,2.8,-1,286,0.8,0.19,-0.05,8.4,-0.5,0.09,2.44,57,-1,4,0.6,-5,187,,17.28,0.14,0.42,-0.01,2.62,2.9,20.8117,0.04,-0.01,0.54,0.18,53.01,0.03,0.54,0.01
Al25AR083,38.048838,-113.659618,266628.2984,4214572.818,PV,"Rhyolite tuffs and related clastic deposits, undivided",6.32,0.2,0.37,2,0.02,0.07,4.67,11.7,30.2,19.3,>30.0,0.38,-1,-5,-10,561,-5,0.1,-0.2,91.6,-0.5,14,0.3,-10,1.21,0.71,0.72,13,1.94,-1,6,0.23,-0.2,44.6,-10,0.13,-10,-2,13,33.6,-5,10,10.5,44.3,-0.02,0.4,6,-1,3.9,1,452,0.9,0.21,-0.05,16.1,-0.5,0.12,3.53,50,-1,5.6,0.9,6,224,,11.63,0.07,0.22,-0.01,0.5,2.2,15.85,0.01,-0.01,0.59,0.17,67.03,0.04,0.64,-0.01
Al25AR084,38.050139,-113.658732,266710.1679,4214714.971,PV,"Rhyolite tuffs and related clastic deposits, undivided",6.04,1,0.05,2.7,0.06,0.03,4.47,11.2,28.9,25.8,>30.0,0.17,-1,12,16,503,-5,0.2,-0.2,133,0.5,20,0.2,-10,2.17,1.74,0.28,16,1.89,-1,5,0.5,-0.2,61.8,11,0.39,50,-2,23,42.1,25,21,15.02,7.6,-0.02,0.3,-5,-1,3.8,2,243,1.5,0.3,-0.05,20.1,-0.5,0.32,3.39,32,-1,14.3,2.5,8,140,,11.08,0.07,1.23,-0.01,0.06,2.93,15.1785,0.08,-0.01,0.08,0.07,66.94,0.03,0.28,-0.01
Al25AR085,38.050285,-113.658423,266737.7718,4214730.388,PV,"Rhyolite tuffs and related clastic deposits, undivided",4.41,0.1,0.02,1.9,-0.01,0.01,3.21,8,20.7,18,>30.0,0.04,-1,-5,12,120,-5,0.3,-0.2,24.6,-0.5,19,0.3,-10,2.3,2.14,0.05,20,1.01,-1,7,0.58,-0.2,13.4,-10,0.42,22,-2,68,6.5,-5,28,2.33,10.7,-0.02,0.2,-5,-1,0.9,8,89,5.5,0.27,-0.05,27.4,-0.5,0.38,6.11,18,1,15.3,3.1,-5,105,,8.16,0.02,0.04,-0.01,0.02,2.05,11.0711,-0.01,-0.01,0.11,0.04,76.56,0.02,0.08,-0.01
Al25AR086,38.051849,-113.656358,266923.941,4214898.745,PV,"Rhyolite tuffs and related clastic deposits, undivided",5.81,0.6,0.04,2.5,0.07,0.04,4.36,10.9,28.2,24.5,>30.0,0.06,-1,-5,-10,155,-5,0.4,-0.2,37.6,1,17,0.3,-10,3.01,2.82,0.07,20,1.35,-1,8,0.76,-0.2,19.6,-10,0.62,97,-2,80,10,11,32,3.7,19.9,-0.02,0.4,-5,-1,1.5,9,123,6.4,0.36,-0.05,32.2,-0.5,0.53,7.98,12,2,19.6,4.4,-5,131,,11.02,0.03,0.76,-0.01,0.04,2.78,15.1185,0.11,0.02,0.25,0.08,67.96,0.02,0.09,-0.01
Al25AR087,38.052558,-113.656512,266912.6805,4214977.859,PV,"Rhyolite tuffs and related clastic deposits, undivided",4,0.3,0.05,1.7,0.06,0.02,2.85,7.1,18.4,16.5,>30.0,0.09,-1,-5,11,136,-5,0.4,-0.2,31.9,0.5,29,0.6,-10,2.42,2.31,0.06,21,1.05,-1,8,0.6,-0.2,17.8,-10,0.52,56,-2,84,7.7,13,45,3,18.3,-0.02,0.4,-5,-1,0.9,11,165,6.6,0.27,-0.05,38.5,-0.5,0.43,9.46,13,2,17.2,3.6,5,133,,7.36,0.03,0.31,-0.01,0.06,1.88,10.359,0.08,0.01,0.09,0.05,78.57,0.02,0.15,-0.01
Al25TB067,38.048859,-113.659771,266614.8944,4214575.488,PV,"Rhyolite tuffs and related clastic deposits, undivided",8.02,0.1,1.2,3.5,0.02,0.06,6.23,15.6,40.2,36.1,25.6,0.28,-1,-5,-10,273,-5,0.1,-0.2,64.7,-0.5,29,-0.1,-10,0.72,0.51,0.31,17,0.96,-1,4,0.14,-0.2,38.5,-10,0.1,-10,-2,11,20.6,11,11,6.66,25.2,-0.02,0.2,10,-1,2,1,739,0.8,0.12,-0.05,13.4,-0.5,0.08,2.98,79,-1,4,0.6,-5,140,,15.48,0.04,0.1,-0.01,1.72,4.11,19.562,0.04,-0.01,0.22,0.13,55,0.09,0.5,-0.01
Al25TB068,38.048538,-113.659992,266594.4737,4214540.398,PV,"Rhyolite tuffs and related clastic deposits, undivided",6.64,0.1,0.35,2.5,-0.01,0.08,5.15,12.9,33.3,24.5,29.8,0.3,-1,-5,-10,1334,-5,-0.1,-0.2,69.9,-0.5,16,0.1,-10,0.64,0.52,0.24,16,0.79,-1,4,0.14,-0.2,35.6,-10,0.11,-10,4,10,22.8,-5,8,7.67,24.2,-0.02,0.3,-5,-1,1.9,1,597,0.7,0.1,-0.05,13.3,-0.5,0.09,2.82,47,2,3.9,0.6,-5,149,,12.44,0.15,0.16,-0.01,0.51,2.78,17.9964,-0.01,-0.01,0.45,0.19,63.88,0.07,0.51,-0.01
Al25TB069,38.052986,-113.658506,266738.9986,4215030.344,PV,"Rhyolite tuffs and related clastic deposits, undivided",11.36,0.4,0.04,5.1,0.04,0.03,8.99,22.4,58.1,51.8,18,0.04,-1,-5,-10,175,-5,0.6,-0.2,82.1,-0.5,11,0.3,-10,3.14,3.49,0.08,29,1.2,-1,6,0.85,-0.2,57.7,-10,0.84,24,-2,62,9.8,-5,42,5.34,54.3,-0.02,0.6,6,-1,1,9,203,6.2,0.34,-0.05,62.9,-0.5,0.69,6.49,26,4,22.6,5.5,13,108,,21.85,0.03,0.64,-0.01,0.05,5.89,27.7128,0.07,-0.01,0.29,0.06,38.57,0.03,0.06,0.01
Al25TB070,38.053219,-113.657907,266792.3277,4215054.685,PV,"Rhyolite tuffs and related clastic deposits, undivided",6.8,-0.1,0.03,3.1,-0.01,0.04,5.12,12.8,33.1,31.2,>30.0,0.11,-1,-5,-10,302,-5,0.5,-0.2,54.5,-0.5,12,0.3,-10,5.31,4.2,0.16,24,3.66,-1,8,1.17,-0.2,34.9,-10,0.78,23,2,70,13.6,-5,62,4.63,22.7,-0.02,0.6,-5,-1,3.3,9,228,6.3,0.7,-0.05,34.6,-0.5,0.71,6.74,21,4,37.1,5.3,-5,162,,13.02,0.04,0.06,-0.01,0.04,3.55,17.2931,0.02,-0.01,0.09,0.09,63.81,0.03,0.2,-0.01
Al25TB071,38.052741,-113.65752,266824.8145,4215000.717,PV,"Rhyolite tuffs and related clastic deposits, undivided",9.68,-0.1,0.04,4.3,-0.01,0.08,7.44,18.6,48.1,43.4,22.6,0.19,-1,11,-10,644,-5,0.2,-0.2,309,-0.5,45,0.2,-10,3.01,2.34,0.66,21,4.06,-1,6,0.68,-0.2,115,-10,0.49,15,4,27,98.1,-5,43,33.4,20.2,-0.02,0.6,6,-1,12.2,4,895,2,0.49,-0.05,39,-0.5,0.42,5.68,40,2,17.9,3.2,-5,176,,18.77,0.08,0.11,-0.01,0.05,4.94,23.2377,0.02,0.01,0.2,0.18,48.17,0.1,0.33,-0.01
Al25TB072,38.052054,-113.658362,266748.7328,4214926.494,PV,"Rhyolite tuffs and related clastic deposits, undivided",6.47,-0.1,0.04,2.9,0.01,0.04,4.75,11.9,30.7,28.2,>30.0,0.14,-1,5,-10,297,-5,0.4,-0.2,69.6,-0.5,10,0.2,-10,2.37,2.13,0.14,20,1.6,-1,5,0.61,-0.2,45.4,-10,0.44,51,-2,43,14.6,6,56,5.74,20.7,-0.02,0.6,-5,-1,2.1,5,288,3.3,0.33,-0.05,27.6,-0.5,0.37,4.57,20,2,16.7,2.8,-5,140,,12.19,0.04,0.11,-0.01,0.05,3.21,16.51,0.02,-0.01,0.14,0.1,66.69,0.03,0.24,-0.01
Al25AR090,38.061081,-113.695586,263511.0731,4216022.555,Typhoid Spring area,"Rhyolite tuffs and related clastic deposits, undivided",0.73,0.3,0.09,0.3,0.05,0.02,0.01,0,0.1,2.2,>30.0,0.46,-1,-5,11,141,-5,0.1,-0.2,12.5,-0.5,21,0.7,-10,0.94,0.84,0.15,2,0.7,-1,6,0.22,-0.2,8,-10,0.17,16,-2,15,5,-5,31,1.39,9.8,-0.02,0.8,-5,-1,0.9,1,85,0.9,0.12,-0.05,10.9,-0.5,0.13,4,16,8,6.8,0.9,-5,230,,1.34,0.03,0.27,-0.01,0.11,0.25,2.63026,0.07,-0.01,0.04,0.04,94.71,-0.01,0.76,-0.01
Al25AR091,38.060188,-113.69543,263521.8597,4215923.076,Typhoid Spring area,Lund Formation,7.9,0.2,1.16,3.5,0.01,0.17,5.79,14.5,37.4,36.1,24,0.33,-1,7,-10,1250,-5,-0.1,-0.2,195,-0.5,89,0.5,-10,1.98,1.31,0.8,43,3.36,-1,9,0.38,-0.2,140,-10,0.23,-10,2,17,42.9,10,28,16.34,5.5,-0.02,0.5,5,-1,5.7,-1,748,1.1,0.41,-0.05,45.5,-0.5,0.21,12.12,137,2,11,1.6,-5,337,,15.13,0.15,0.11,0.01,1.68,4.1,23.263,0.01,0.01,0.12,0.42,52.54,0.09,0.56,0.02
Al25AR092,38.061051,-113.692915,263745.3683,4216012.366,Typhoid Spring area,"Rhyolite tuffs and related clastic deposits, undivided",0.24,0.2,0.04,0.1,-0.01,-0.01,0.02,0,0.1,0.6,>30.0,0.33,-1,-5,-10,625,-5,0.2,-0.2,6.4,-0.5,18,0.2,-10,0.98,0.85,-0.05,-1,0.65,2,9,0.23,-0.2,2.7,36,0.16,-10,4,19,2.3,-5,7,0.64,4.1,-0.02,0.5,-5,-1,0.5,2,15,1,0.13,-0.05,10.7,-0.5,0.14,4.38,8,2,7,1.1,-5,346,,0.45,0.07,0.16,-0.01,0.05,0.07,1.17988,-0.01,-0.01,0.04,-0.01,98.27,0.02,0.54,-0.01
Al25AR093,38.059669,-113.692952,263737.6293,4215859.163,Typhoid Spring area,Lund Formation,6.27,0.1,2.06,2.6,0.01,0.07,4.32,10.8,27.9,26.2,29.3,0.39,-1,-5,12,1088,-5,-0.1,-0.2,67.3,0.5,14,0.5,-10,1.52,1.1,0.57,17,2.21,-1,11,0.31,-0.2,42.1,-10,0.22,16,3,20,26.9,9,26,7.82,4.2,-0.02,0.6,8,-1,4.1,1,234,1.2,0.27,-0.05,40.6,-0.5,0.17,5.41,32,2,9,1.4,6,386,,11.53,0.12,0.1,-0.01,2.87,2.98,17.7647,-0.01,-0.01,0.13,0.15,62.58,0.02,0.65,-0.01
Al25TB075,38.06097,-113.695919,263481.5128,4216011.107,Typhoid Spring area,"Rhyolite tuffs and related clastic deposits, undivided",0.2,0.2,0.1,-0.1,-0.01,-0.01,0.01,0,0.1,0.7,>30.0,0.25,-1,-5,-10,222,-5,0.2,-0.2,9.5,-0.5,26,0.1,-10,1.85,1.55,0.24,3,1.12,-1,5,0.48,-0.2,4.4,21,0.28,12,8,14,2.6,-5,11,0.75,3.4,-0.02,0.6,-5,-1,0.7,-1,-10,0.7,0.26,-0.05,8.1,-0.5,0.25,6.59,5,2,12.3,1.8,-5,237,,0.37,0.03,0.31,-0.01,0.1,0.08,1.09978,-0.01,-0.01,0.03,0.01,97.67,-0.01,0.44,-0.01
Al25TB076,38.0615,-113.692692,263766.359,4216061.705,Typhoid Spring area,"Rhyolite tuffs and related clastic deposits, undivided",0.84,-0.1,0.09,0.1,0.04,0.03,0.07,0.2,0.5,1,>30.0,0.3,-1,-5,-10,334,-5,0.2,-0.2,77.6,-0.5,-10,1,-10,1.79,1.24,0.4,5,2,-1,9,0.4,-0.2,44.5,-10,0.2,19,2,25,31,7,33,8.87,9.6,-0.02,0.7,-5,-1,4,4,221,1.3,0.31,0.2,21.9,-0.5,0.19,5.53,9,3,10.8,1.4,7,357,,1.55,0.04,0.14,-0.01,0.12,0.11,3.28098,0.07,-0.01,0.02,0.09,93.81,0.04,0.53,-0.01
Al25TB077,38.059957,-113.693176,263718.9282,4215891.653,Typhoid Spring area,Lund Formation,6.84,-0.1,0.99,1.9,-0.01,0.07,3.17,7.9,20.5,17.7,>30.0,0.42,-1,-5,10,1203,-5,-0.1,-0.2,150,-0.5,12,0.6,-10,2.54,1.78,0.66,22,2.54,-1,11,0.59,-0.2,91.5,-10,0.29,30,-2,26,41.3,-5,41,14.07,3.5,-0.02,0.9,7,-1,4.4,3,289,1.7,0.39,-0.05,56.2,-0.5,0.28,4.25,31,3,14.1,1.9,6,450,,11.45,0.12,0.06,-0.01,1.29,2.01,23.6724,-0.01,-0.01,0.11,0.15,59.71,0.03,0.64,-0.01
Al26AR001,38.053897,-113.657086,266865.5224,4215128.519,PV,"Rhyolite tuffs and related clastic deposits, undivided",7.62,0.6,0.04,0.9,0.02,0.02,1.3,3.2,8.4,8.8,>30.0,0.08,,,,155,,0.6,,44.3,,22,1.4,,2.99,2.89,0.08,27,1.5,,10,0.78,,30.3,,0.8,28,3,101,6.9,9,40,3.17,13.6,,0.5,,,1.2,12,57,9.5,0.37,,53.1,,0.63,10.07,12,5,23,5.2,7,167,,14.63,0.02,0.77,,0.04,1,10.128,0.04,,0.03,0.04,73.02,,0.14,
Al26AR002,38.054492,-113.656667,266904.2311,4215193.51,PV,"Rhyolite tuffs and related clastic deposits, undivided",5.9,0.3,0.76,0.3,0.02,,0.35,0.9,2.3,3.1,>30.0,0.03,,12,,21,,0.5,,3.4,,,2.3,,2.13,1.83,,27,1.1,,9,0.55,,1.4,14,0.36,15,25,106,1.5,,72,0.4,12.6,,0.8,,,0.6,12,43,10,0.26,,15,,0.34,3.58,,,16.2,2.5,,141,,11.26,,0.45,,1.08,0.35,7.78,0.05,,0.03,0.02,78.86,,0.04,
Al26AR003,38.054735,-113.657938,266793.4268,4215223.704,PV,"Rhyolite tuffs and related clastic deposits, undivided",9.18,0.1,0.07,,0.04,0.02,0.02,0,0.1,0.4,>30.0,0.08,,9,,37,,0.6,,92.2,,19,0.8,,1.44,1.52,,27,1.01,2,9,0.4,,51.5,,0.43,13,3,88,17.2,,38,7.8,4.4,,0.3,,,2,12,140,8.4,0.2,,61.3,,0.34,5.01,13,9,11.2,2.7,,168,,17.64,,0.13,,0.08,0.04,8.25,0.07,,0.02,0.04,73.57,0.01,0.14,
Al26AR004,38.054927,-113.65864,266732.4366,4215246.78,PV,"Rhyolite tuffs and related clastic deposits, undivided",6.03,<0.1,0.11,,,0.08,0.01,0,0.1,0.3,>30.0,0.05,,,,32,,0.6,,60.3,,,1.2,,1.8,1.85,,24,0.66,,9,0.48,,37.6,,0.49,,3,98,10.5,,51,4.84,4.5,,0.3,,,0.9,12,38,8.7,0.19,,40.8,,0.39,7.53,10,4,13.2,3.2,7,147,,11.5,,0.03,,0.15,0.03,6.77068,0.02,,0.02,0.16,80.99,,0.08,
Al26TB001,38.053671,-113.657398,266837.437,4215104.216,PV,"Rhyolite tuffs and related clastic deposits, undivided",7.65,0.5,0.05,0.8,0.02,0.01,1.06,2.6,6.8,6.9,>30.0,0.08,,,,154,,0.6,,25.1,,,1.1,,2.85,2.85,0.06,29,1.3,,9,0.7,,19.9,10,0.61,23,4,97,4.9,,25,1.99,10.1,,0.6,,,1,13,48,8.8,0.34,,41.7,,0.5,9.31,16,4,20.2,4.2,17,161,,14.08,0.03,0.66,,0.03,0.79,9.90099,0.03,,0.03,0.03,73.97,,0.13,
Al26TB002,38.054062,-113.657529,266827.1903,4215147.976,PV,"Rhyolite tuffs and related clastic deposits, undivided",7.12,1.6,0.3,0.2,0.04,0.02,0.05,0.1,0.3,0.9,>30.0,0.09,,,,40,,0.6,,72.4,0.6,10,1.5,,11.04,7.5,0.17,25,7.84,,9,2.29,,38.3,12,1.24,19,,99,24.9,11,58,8.75,5.9,,0.2,,,6.4,13,96,8.9,1.54,,64.7,,1.16,11.72,13,2,72.4,8.6,14,153,,13.24,,2.2,,0.37,0.1,8.24918,0.06,,0.04,0.03,75.18,0.01,0.15,
Al26TB003,38.053808,-113.658264,266761.8627,4215121.616,PV,"Rhyolite tuffs and related clastic deposits, undivided",6.14,1.4,0.48,0.6,0.13,0.02,0.72,1.8,4.7,5.2,>30.0,0.07,,6,,152,,0.5,,24.7,0.6,,1.2,,3.34,3.47,0.09,22,1.43,,8,0.87,,18.4,11,0.73,34,4,79,4.1,,37,1.93,10,,0.4,,,0.8,10,107,7,0.38,,40.1,,0.58,5.44,12,1,25.2,4.9,6,140,,11.5,0.03,1.95,,0.65,0.59,9.83,0.21,,0.06,0.04,74.45,,0.11,
